ids,caption
image_tamil_0001.jpg,malayalam comedy comedy comedy comedy comedy comedy comedy comedy comedy comedy comedy comedy comedy comedy comedy comedy comedy comedy comedy comedy comedy comedy comedy comedy comedy comedy comedy
image_tamil_0002.jpg,a man in a green shirt is holding a white and red striped scarf
image_tamil_0003.jpg,tamil movie dialoguess
image_tamil_0004.jpg,a man is sitting on the ground with his hands clasped
image_tamil_0005.jpg,"a couple dancing together with the capt that says, ' happy sunday '"
image_tamil_0006.jpg,malayalam movie dialoguess
image_tamil_0007.jpg,a man in a white shirt is standing in front of a green door
image_tamil_0008.jpg,tamil song video
image_tamil_0009.jpg,malayalam movie dialoguess
image_tamil_0010.jpg,malayalam movie dialoguess
image_tamil_0011.jpg,malayalam comedy dialoguess
image_tamil_0012.jpg,telugu dialoguess in telugu movies
image_tamil_0013.jpg,malayalam movie song
image_tamil_0014.jpg,telugu funny dog videos
image_tamil_0015.jpg,a man riding a motorcycle down a road
image_tamil_0016.jpg,malayalam movie dialoguess
image_tamil_0017.jpg,a man in a white shirt and a gold necklace
image_tamil_0018.jpg,a man in a white shirt is talking to the camera
image_tamil_0019.jpg,a man in a yellow shirt and a pink headband
image_tamil_0020.jpg,telugu movie songs
image_tamil_0021.jpg,malayalam movie dialoguess
image_tamil_0022.jpg,a police officer is being a woman in the street
image_tamil_0023.jpg,malayalam movie dialoguess
image_tamil_0024.jpg,malayalam movie dialoguess
image_tamil_0025.jpg,tamil dialogues of mohan mohan
image_tamil_0026.jpg,malayalam movie dialoguess
image_tamil_0027.jpg,telugu dialoguess in telugu movies
image_tamil_0028.jpg,telugu dialoguess in telugu movies
image_tamil_0029.jpg,malayalam comedy comedy comedy comedy comedy comedy comedy comedy comedy comedy comedy comedy comedy comedy comedy comedy comedy comedy comedy comedy comedy comedy comedy comedy comedy comedy comedy comedy comedy
image_tamil_0030.jpg,malayalam comedy comedy comedy comedy comedy comedy comedy comedy comedy comedy comedy comedy comedy comedy comedy comedy comedy comedy comedy comedy comedy comedy comedy comedy comedy comedy comedy comedy comedy
image_tamil_0031.jpg,malayalam movie song
image_tamil_0032.jpg,telugu movie dialoguess
image_tamil_0033.jpg,malayalam movie dialoguess
image_tamil_0034.jpg,a man in a green shirt is pointing at the camera
image_tamil_0035.jpg,malayalam dialoguess with images
image_tamil_0036.jpg,tamil dialoguess with dialoguess
image_tamil_0037.jpg,tamil funny videos
image_tamil_0038.jpg,malayalam movie dialoguess
image_tamil_0039.jpg,malayalam dialoguess with images
image_tamil_0040.jpg,telugu comedy comedy comedy comedy comedy comedy comedy comedy comedy comedy comedy comedy comedy comedy comedy comedy comedy comedy comedy comedy comedy comedy comedy comedy comedy comedy comedy comedy comedy
image_tamil_0041.jpg,tamil dialogues of actor and actress
image_tamil_0042.jpg,tamil funny dialoguess
image_tamil_0043.jpg,malayalam movie dialoguess
image_tamil_0044.jpg,malayalam dialoguess with images
image_tamil_0045.jpg,tamil dialogues of the movie
image_tamil_0046.jpg,tamil movie song
image_tamil_0047.jpg,telugu movie dialoguess
image_tamil_0048.jpg,malayalam comedy dialoguess
image_tamil_0049.jpg,malayalam funny dialoguess
image_tamil_0050.jpg,new malayalam songs 2018 | | | | | | | | | | | | | | | | | | | | | | | |
image_tamil_0051.jpg,a woman is sitting on the floor with a man
image_tamil_0052.jpg,a man in a green shirt is talking to the camera
image_tamil_0053.jpg,malayalam dialoguess with images
image_tamil_0054.jpg,a man is lying on the floor with a woman
image_tamil_0055.jpg,malayalam movie dialoguess
image_tamil_0056.jpg,tamil movie dialoguess
image_tamil_0057.jpg,a man is sitting on the ground and talking to someone
image_tamil_0058.jpg,a col of a man in a blue shirt
image_tamil_0059.jpg,malayalam dialoguess in telugu movies
image_tamil_0060.jpg,malayalam christmas song
image_tamil_0061.jpg,tamil movie song
image_tamil_0062.jpg,telugu dialoguess in telugu movies
image_tamil_0063.jpg,a man is sitting down with another man
image_tamil_0064.jpg,malayalam movie dialoguess
image_tamil_0065.jpg,malayalam movie dialoguess
image_tamil_0066.jpg,tamil dialogues of actor vijay vijay
image_tamil_0067.jpg,a man standing in front of a crowd
image_tamil_0068.jpg,malayalam movie dialoguess
image_tamil_0069.jpg,malayalam dialoguess with images
image_tamil_0070.jpg,a man is talking to another man in a room
image_tamil_0071.jpg,a man is sitting in the water with his arm around a woman
image_tamil_0072.jpg,telugu dialoguess in telugu movies
image_tamil_0073.jpg,malayalam dialoguess with images
image_tamil_0074.jpg,a man in a brown shirt is pointing at the camera
image_tamil_0075.jpg,a man in a tuk tuk tuk tuk tuk tuk tuk tuk tu
image_tamil_0076.jpg,malayalam comedy dialoguess
image_tamil_0077.jpg,tamil dialogues of the day
image_tamil_0078.jpg,telugu dialoguess in telugu movies
image_tamil_0079.jpg,malayalam movie song
image_tamil_0080.jpg,malayalam movie songs
image_tamil_0081.jpg,telugu movie dialoguess
image_tamil_0082.jpg,malayalam movie dialogues dialoguess
image_tamil_0083.jpg,"tamil dialogues of the day, funny dialogues of the day, funny dialogues of the day, funny dialogues of the day, funny dialogues of the"
image_tamil_0084.jpg,tamil movie dialogues dialoguess
image_tamil_0085.jpg,tamil dialogues of the day
image_tamil_0086.jpg,malayalam movie dialoguess
image_tamil_0087.jpg,tamil dialogues of a man being a woman
image_tamil_0088.jpg,malayalam movie dialogues dialogues
image_tamil_0089.jpg,malayalam movie dialogues dialoguess
image_tamil_0090.jpg,a man with a knife in his hand
image_tamil_0091.jpg,malayalam movie songs
image_tamil_0092.jpg,malayalam movie dialoguess
image_tamil_0093.jpg,malayalam comedy movie
image_tamil_0094.jpg,watch rest or die the series loading
image_tamil_0095.jpg,malayalam comedy movies
image_tamil_0096.jpg,tamil dialogues of dr narayan narayan
image_tamil_0097.jpg,malayalam dialogues about life
image_tamil_0098.jpg,a scene from the movie ' ' ' '
image_tamil_0099.jpg,tamil comedy comedy comedy comedy comedy comedy comedy comedy comedy comedy comedy comedy comedy comedy comedy comedy comedy comedy comedy comedy comedy comedy comedy comedy comedy comedy comedy comedy comedy
image_tamil_0100.jpg,a man smoking a cigarette in front of a building
image_tamil_0101.jpg,a conversation between karunah and karthh
image_tamil_0102.jpg,a man is sitting on a chair with a woman
image_tamil_0103.jpg,a man in a pink shirt is sitting on a bench with his hands clasped
image_tamil_0104.jpg,a man in blue shirt is making a face
image_tamil_0105.jpg,malayalam dialoguess
image_tamil_0106.jpg,tamil movie songs
image_tamil_0107.jpg,malayalam movie dialogues dialoguess
image_tamil_0108.jpg,a man with a mustache and a green shirt is talking to the camera
image_tamil_0109.jpg,a man in a crowd with a quote on it
image_tamil_0110.jpg,a man in pink shirt looking up at the camera
image_tamil_0111.jpg,tamil movie dialogues dialoguess
image_tamil_0112.jpg,a man in a white shirt is standing in front of a black background
image_tamil_0113.jpg,malayalam movie songs
image_tamil_0114.jpg,a man and woman sitting on a couch with the words go night friends
image_tamil_0115.jpg,tamil dialogues of the day
image_tamil_0116.jpg,malayalam movie songs
image_tamil_0117.jpg,malayalam comedy comedy comedy comedy comedy comedy comedy comedy comedy comedy comedy comedy comedy comedy comedy comedy comedy comedy comedy comedy comedy comedy comedy comedy comedy comedy comedy comedy comedy
image_tamil_0118.jpg,a man in a red shirt is speaking into a microphone
image_tamil_0119.jpg,a girl laughing and looking at the camera
image_tamil_0120.jpg,a man talking to another man in a village
image_tamil_0121.jpg,tamil actress in sari sari
image_tamil_0122.jpg,malayalam dialoguess with images
image_tamil_0123.jpg,tamil actor and actor vijay reddy reddy reddy reddy reddy reddy reddy reddy reddy reddy reddy reddy reddy reddy reddy reddy
image_tamil_0124.jpg,tamil dialogues of actor vijay vijay
image_tamil_0125.jpg,malayalam movie dialoguess
image_tamil_0126.jpg,telugu movie dialogues dialoguess
image_tamil_0127.jpg,malayalam movie songs
image_tamil_0128.jpg,malayalam movie dialoguess
image_tamil_0129.jpg,malayalam dialoguess in telugu movies
image_tamil_0130.jpg,malayalam movie dialogues dialoguess
image_tamil_0131.jpg,tamil movie dialogues dialoguess
image_tamil_0132.jpg,a man in an orange shirt is pointing at another man
image_tamil_0133.jpg,telugu movie dialogues dialoguess
image_tamil_0134.jpg,tamil dialogues of the actor
image_tamil_0135.jpg,malayalam comedy comedy comedy comedy comedy comedy comedy comedy comedy comedy comedy comedy comedy comedy comedy comedy comedy comedy comedy comedy comedy comedy comedy comedy comedy comedy comedy comedy comedy
image_tamil_0136.jpg,malayalam dialoguess with images
image_tamil_0137.jpg,a man speaking to the media in a press conference
image_tamil_0138.jpg,a man is sitting on the ground with a woman
image_tamil_0139.jpg,malayalam movie dialoguess
image_tamil_0140.jpg,a man with a smile on his face
image_tamil_0141.jpg,tamil movie dialoguess
image_tamil_0142.jpg,tamil dialogues of actor vijay vijay
image_tamil_0143.jpg,a man talking to another man in a street
image_tamil_0144.jpg,malayalam movie dialogues dialoguess
image_tamil_0145.jpg,malayalam comedy comedy comedy comedy comedy comedy comedy comedy comedy comedy comedy comedy comedy comedy comedy comedy comedy comedy comedy comedy comedy comedy comedy comedy comedy comedy comedy
image_tamil_0146.jpg,malayalam dialoguess
image_tamil_0147.jpg,telugu dialoguess in telugu movies
image_tamil_0148.jpg,tamil dialoguess that are hilarious
image_tamil_0149.jpg,a man and woman sitting in the back seat of a car
image_tamil_0150.jpg,a man in a red shirt smoking a cigarette
image_tamil_0151.jpg,a man is sitting in a bus with his head on the back of the bus
image_tamil_0152.jpg,malayalam movie dialoguess
image_tamil_0153.jpg,a col of a man with multiple expressions
image_tamil_0154.jpg,two men are walking down the street in a street
image_tamil_0155.jpg,a man talking to a woman in a room
image_tamil_0156.jpg,malayalam movie dialoguess
image_tamil_0157.jpg,malayalam movie - malayalam comedy comedy comedy comedy comedy comedy comedy comedy comedy comedy comedy comedy comedy comedy comedy comedy comedy comedy comedy comedy comedy comedy comedy comedy comedy comedy
image_tamil_0158.jpg,tamil dialogues of the day
image_tamil_0159.jpg,malayalam movie song
image_tamil_0160.jpg,a man with a smile on his face
image_tamil_0161.jpg,malayalam dialoguess with images
image_tamil_0162.jpg,malayalam comedy comedy comedy comedy comedy comedy comedy comedy comedy comedy comedy comedy comedy comedy comedy comedy comedy comedy comedy comedy comedy comedy comedy comedy comedy comedy comedy comedy comedy
image_tamil_0163.jpg,malayalam movie dialoguess
image_tamil_0164.jpg,a man is sitting on the ground with his hands clasped
image_tamil_0165.jpg,a scene from the movie ' s first episode
image_tamil_0166.jpg,tamil movie dialoguess
image_tamil_0167.jpg,tamil dialogues of the day
image_tamil_0168.jpg,a young boy is making funny faces
image_tamil_0169.jpg,tamil comedy comedy comedy comedy comedy comedy comedy comedy comedy comedy comedy comedy comedy comedy comedy comedy comedy comedy comedy comedy comedy comedy comedy comedy comedy comedy comedy comedy comedy
image_tamil_0170.jpg,a man with a mustache and moust
image_tamil_0171.jpg,tamil funny dialoguess
image_tamil_0172.jpg,malayalam movie dialogues dialogues
image_tamil_0173.jpg,telugu movie dialoguess
image_tamil_0174.jpg,telugu dialoguess in telugu movies
image_tamil_0175.jpg,tamil movie dialogues dialoguess
image_tamil_0176.jpg,a man talking to another man in a room
image_tamil_0177.jpg,tamil dialogues of actor and actor
image_tamil_0178.jpg,a man in a pink shirt holding a microphone
image_tamil_0179.jpg,tamil dialogues of actor vijay vijay
image_tamil_0180.jpg,tamil dialogues of actor vijay vijay
image_tamil_0181.jpg,a man carrying a bag on his head
image_tamil_0182.jpg,malayalam dialoguess with images
image_tamil_0183.jpg,a man in a white shirt and a woman in a red dress
image_tamil_0184.jpg,a woman is washing her face in a bucket
image_tamil_0185.jpg,malayalam movie dialoguess
image_tamil_0186.jpg,tamil police officer in a public office
image_tamil_0187.jpg,a man is riding on a bus with people
image_tamil_0188.jpg,tamil actress in a movie
image_tamil_0189.jpg,malayalam comedy comedy comedy comedy comedy comedy comedy comedy comedy comedy comedy comedy comedy comedy comedy comedy comedy comedy comedy comedy comedy comedy comedy comedy comedy comedy comedy
image_tamil_0190.jpg,malayalam comedy scene with telugu actor
image_tamil_0191.jpg,a group of people walking down the street
image_tamil_0192.jpg,malayalam dialoguess with images
image_tamil_0193.jpg,a man smoking a cigarette in the middle of a tree
image_tamil_0194.jpg,a man with a finger on his nose
image_tamil_0195.jpg,malayalam dialoguess
image_tamil_0196.jpg,a man in a white shirt is talking to a woman
image_tamil_0197.jpg,malayalam movie dialoguess
image_tamil_0198.jpg,malayalam movie dialoguess
image_tamil_0199.jpg,tamil movie dialogues dialoguess
image_tamil_0200.jpg,malayalam movie dialoguess
image_tamil_0201.jpg,a woman in a blue shirt is pointing at the camera
image_tamil_0202.jpg,a man in a pink shirt is holding a cigarette
image_tamil_0203.jpg,malayalam movie dialoguess
image_tamil_0204.jpg,a scene from the movie ' s first look
image_tamil_0205.jpg,a man talking to another man in a room
image_tamil_0206.jpg,telugu movie dialoguess
image_tamil_0207.jpg,malayalam movie dialoguess
image_tamil_0208.jpg,malayalam movie dialoguess
image_tamil_0209.jpg,telugu dialogues of actor vijay vijay
image_tamil_0210.jpg,a scene from the movie ' s first look
image_tamil_0211.jpg,malayalam comedy comedy comedy comedy comedy comedy comedy comedy comedy comedy comedy comedy comedy comedy comedy comedy comedy comedy comedy comedy comedy comedy comedy comedy comedy comedy comedy comedy comedy
image_tamil_0212.jpg,malayalam movie dialoguess
image_tamil_0213.jpg,tdp leader vijay reddy reddy reddy reddy reddy reddy reddy reddy reddy reddy reddy reddy reddy reddy reddy reddy reddy
image_tamil_0214.jpg,a col of a man with a mustache and moust
image_tamil_0215.jpg,malayalam movie song
image_tamil_0216.jpg,malayalam movie song
image_tamil_0217.jpg,malayalam funny dialoguess
image_tamil_0218.jpg,telugu movie dialoguess
image_tamil_0219.jpg,telugu dialoguess in telugu movies
image_tamil_0220.jpg,malayalam movie dialoguess
image_tamil_0221.jpg,telugu dialoguess in telugu movies
image_tamil_0222.jpg,tamil movie dialoguess
image_tamil_0223.jpg,malayalam dialoguess with images
image_tamil_0224.jpg,a woman in a yellow dress is standing in a room
image_tamil_0225.jpg,a man in yellow shirt sitting at a table
image_tamil_0226.jpg,telugu dialoguess in telugu movies
image_tamil_0227.jpg,telangana govt workers protest against bjp in hyderabad
image_tamil_0228.jpg,a man laying on top of a bed covered in foam
image_tamil_0229.jpg,telugu dialoguess in telugu movies
image_tamil_0230.jpg,a man with a smile on his face
image_tamil_0231.jpg,tamil funny dialoguess
image_tamil_0232.jpg,tamil dialoguess with images
image_tamil_0233.jpg,a man with a cigarette in his mouth
image_tamil_0234.jpg,malayalam movie songs
image_tamil_0235.jpg,malayalam movie dialoguess
image_tamil_0236.jpg,telugu dialoguess in telugu movies
image_tamil_0237.jpg,person in a song
image_tamil_0238.jpg,malayalam movie songs
image_tamil_0239.jpg,"a man in a field with a sign that says, ' i ammam '"
image_tamil_0240.jpg,telugu movie dialoguess
image_tamil_0241.jpg,malayalam movie dialoguess
image_tamil_0242.jpg,a man in a tuk tuk tuk tuk tuk tuk tuk tuk tu
image_tamil_0243.jpg,a man singing in telugu movie
image_tamil_0244.jpg,a man in a red shirt smoking a cigarette
image_tamil_0245.jpg,an old woman with a smile on her face
image_tamil_0246.jpg,malayalam movie dialogues dialoguess
image_tamil_0247.jpg,a man in a green shirt is talking to the camera
image_tamil_0248.jpg,malayalam movie dialoguess
image_tamil_0249.jpg,malayalam dialoguess with images
image_tamil_0250.jpg,telugu movie dialoguess
image_tamil_0251.jpg,a woman is seen in a shop in hyderabad
image_tamil_0252.jpg,the kal episode - episode 2
image_tamil_0253.jpg,malayalam dialoguess with images
image_tamil_0254.jpg,a man singing in a white shirt with a microphone
image_tamil_0255.jpg,vijay vijay reddy reddy reddy reddy reddy reddy reddy reddy reddy reddy reddy reddy reddy reddy reddy reddy reddy reddy reddy
image_tamil_0256.jpg,malayalam movie dialoguess
image_tamil_0257.jpg,tamil actress in a public meeting
image_tamil_0258.jpg,"a man in a room with a sign that says, ' i ammam '"
image_tamil_0259.jpg,tamil movie dialogues dialoguess
image_tamil_0260.jpg,malayalam comedy comedy comedy comedy comedy comedy comedy comedy comedy comedy comedy comedy comedy comedy comedy comedy comedy comedy comedy comedy comedy comedy comedy comedy comedy comedy comedy comedy comedy
image_tamil_0261.jpg,tamil dialoguess with images
image_tamil_0262.jpg,a man laughing in a white shirt with a smile on his face
image_tamil_0263.jpg,a man talking to another man in a village
image_tamil_0264.jpg,a police talking to a man in a police uniform
image_tamil_0265.jpg,a man in yellow shirt holding a stick
image_tamil_0266.jpg,a man in a hoodie looking at another man in a hoodie
image_tamil_0267.jpg,tamil funny video
image_tamil_0268.jpg,malayalam dialoguess
image_tamil_0269.jpg,malayalam comedy movie
image_tamil_0270.jpg,telugu dialoguess in telugu movies
image_tamil_0271.jpg,tamil dialogues of actor vijay vijay
image_tamil_0272.jpg,tamil dialoguess with images
image_tamil_0273.jpg,tamil movie dialoguess
image_tamil_0274.jpg,a man is sitting at a table with a box of cigarettes
image_tamil_0275.jpg,malayalam movie dialoguess
image_tamil_0276.jpg,malayalam dialoguess with images
image_tamil_0277.jpg,malayalam dialoguess with images
image_tamil_0278.jpg,a woman laying in bed with a man
image_tamil_0279.jpg,malayalam movie dialogues dialoguess
image_tamil_0280.jpg,telugu dialoguess in telugu language
image_tamil_0281.jpg,malayalam movie song
image_tamil_0282.jpg,telugu dialoguess in telugu movies
image_tamil_0283.jpg,a man is standing in the water with his hands out
image_tamil_0284.jpg,a man in a blue shirt is laughing
image_tamil_0285.jpg,a col of a man in a golden outfit
image_tamil_0286.jpg,malayalam dialogues of the day
image_tamil_0287.jpg,a man in a red shirt smoking a cigarette
image_tamil_0288.jpg,malayalam movie dialogues dialoguess
image_tamil_0289.jpg,a man talking to another man in a scene
image_tamil_0290.jpg,telugu movie songs
image_tamil_0291.jpg,a man in a white shirt and red tie dancing
image_tamil_0292.jpg,tamil comedy comedy comedy comedy comedy comedy comedy comedy comedy comedy comedy comedy comedy comedy comedy comedy comedy comedy comedy comedy comedy comedy comedy comedy comedy comedy comedy comedy comedy
image_tamil_0293.jpg,telugu movie dialoguess
image_tamil_0294.jpg,a wrestler is standing next to a referee
image_tamil_0295.jpg,tamil dialogues of the day
image_tamil_0296.jpg,a man with a beard and a green shirt is looking at the camera
image_tamil_0297.jpg,malayalam movie - kalviyam
image_tamil_0298.jpg,tamil movie dialoguess
image_tamil_0299.jpg,tamil movie dialogues dialoguess
image_tamil_0300.jpg,a man is sitting on the beach with a sign
image_tamil_0301.jpg,a col of a man with multiple expressions
image_tamil_0302.jpg,malayalam movie songs
image_tamil_0303.jpg,malayalam comedy comedy comedy comedy comedy comedy comedy comedy comedy comedy comedy comedy comedy comedy comedy comedy comedy comedy comedy comedy comedy comedy comedy comedy comedy comedy comedy comedy comedy
image_tamil_0304.jpg,a col of a man in a yellow shirt and headband
image_tamil_0305.jpg,a group of men standing around a man with a ball
image_tamil_0306.jpg,malayalam movie dialoguess
image_tamil_0307.jpg,tamil comedy comedy comedy comedy comedy comedy comedy comedy comedy comedy comedy comedy comedy comedy comedy comedy comedy comedy comedy comedy comedy comedy comedy comedy comedy comedy comedy comedy comedy
image_tamil_0308.jpg,malayalam movie dialoguess
image_tamil_0309.jpg,telugu movie dialoguess
image_tamil_0310.jpg,tamil dialogues of a man being his girlfriend
image_tamil_0311.jpg,malayalam movie dialogues dialoguess
image_tamil_0312.jpg,telugu dialoguess in telugu movies
image_tamil_0313.jpg,tamil funny dialoguess
image_tamil_0314.jpg,a man is standing on a ladder in a room
image_tamil_0315.jpg,tamil funny dialoguess
image_tamil_0316.jpg,a man with a black hair and a black shirt is talking to the camera
image_tamil_0317.jpg,telugu dialoguess in telugu movies
image_tamil_0318.jpg,malayalam dialoguess with images
image_tamil_0319.jpg,tamil dialogues of police
image_tamil_0320.jpg,malayalam movie dialoguess
image_tamil_0321.jpg,telugu movie song
image_tamil_0322.jpg,a man in a suit is talking to a woman
image_tamil_0323.jpg,vijay vijay vijay vijay vijay vijay vijay vijay vijay vijay vijay vijay vijay vijay vijay vijay vijay vijay vijay vijay vijay
image_tamil_0324.jpg,malayalam dialoguess with images
image_tamil_0325.jpg,a man sitting in a chair with a smile on his face
image_tamil_0326.jpg,telugu dialoguess in telugu movies
image_tamil_0327.jpg,malayalam comedy comedy comedy comedy comedy comedy comedy comedy comedy comedy comedy comedy comedy comedy comedy comedy comedy comedy comedy comedy comedy comedy comedy comedy comedy comedy comedy comedy comedy
image_tamil_0328.jpg,a man with a beard and a white shirt
image_tamil_0329.jpg,a woman with a smile on her face
image_tamil_0330.jpg,telugu movie songs
image_tamil_0331.jpg,tamil movie dialoguess
image_tamil_0332.jpg,a man is looking at his reflection in the mirror
image_tamil_0333.jpg,telugu dialoguess in telugu movies
image_tamil_0334.jpg,a col of person in a scene from the movie
image_tamil_0335.jpg,a man is helping another man to get out of the car
image_tamil_0336.jpg,a man in a striped shirt is pointing at the camera
image_tamil_0337.jpg,malayalam dialoguess with images
image_tamil_0338.jpg,a man with a mustache and a mustache in his mouth
image_tamil_0339.jpg,telugu dialogues of actor vijay vijay
image_tamil_0340.jpg,a group of men sitting in a row with their hands clasped
image_tamil_0341.jpg,a man in a white tank top and pink turbal turbal turbal turbal turbal turbal tu
image_tamil_0342.jpg,a man in a shirt is staring at the camera
image_tamil_0343.jpg,malayalam dialoguess with dialoguess
image_tamil_0344.jpg,telugu dialogues in telugu
image_tamil_0345.jpg,telugu dialoguess in telugu movies
image_tamil_0346.jpg,tamil dialoguess of vijay vijay and vijay
image_tamil_0347.jpg,malayalam dialoguess with images
image_tamil_0348.jpg,a man in red shirt speaking into a microphone
image_tamil_0349.jpg,a man holding a piece of bread in his hand
image_tamil_0350.jpg,malayalam movie dialoguess
image_tamil_0351.jpg,malayalam movie dialoguess
image_tamil_0352.jpg,tamil dialogues of a man
image_tamil_0353.jpg,telugu dialoguess in telugu movies
image_tamil_0354.jpg,malayalam movie dialoguess
image_tamil_0355.jpg,tamil movie dialoguess
image_tamil_0356.jpg,tamil dialogues of the day
image_tamil_0357.jpg,malayalam movie dialoguess
image_tamil_0358.jpg,malayalam dialoguess with images
image_tamil_0359.jpg,a man is talking to a woman in a street
image_tamil_0360.jpg,tamil quotes about life
image_tamil_0361.jpg,telugu movie dialoguess
image_tamil_0362.jpg,a man with a mustache and mustaches
image_tamil_0363.jpg,tamil movie songs
image_tamil_0364.jpg,tamil song video
image_tamil_0365.jpg,tamil funny dialoguess
image_tamil_0366.jpg,a man in a shirt and tie is pointing at the camera
image_tamil_0367.jpg,a man is crying in the kitchen with a bottle of water
image_tamil_0368.jpg,malayalam comedy comedy comedy comedy comedy comedy comedy comedy comedy comedy comedy comedy comedy comedy comedy comedy comedy comedy comedy comedy comedy comedy comedy comedy comedy comedy comedy comedy comedy
image_tamil_0369.jpg,malayalam comedy comedy comedy comedy comedy comedy comedy comedy comedy comedy comedy comedy comedy comedy comedy comedy comedy comedy comedy comedy comedy comedy comedy comedy comedy comedy comedy comedy comedy
image_tamil_0370.jpg,malayalam comedy dialoguess
image_tamil_0371.jpg,telugu dialoguess in telugu movies
image_tamil_0372.jpg,tamil dialogues of the day
image_tamil_0373.jpg,a man with a monkey face and a picture of a monkey
image_tamil_0374.jpg,malayalam movie songs
image_tamil_0375.jpg,malayalam comedy comedy comedy comedy comedy comedy comedy comedy comedy comedy comedy comedy comedy comedy comedy comedy comedy comedy comedy comedy comedy comedy comedy comedy comedy comedy comedy comedy comedy
image_tamil_0376.jpg,malayalam movie dialoguess
image_tamil_0377.jpg,telugu movie dialoguess
image_tamil_0378.jpg,malayalam comedy comedy comedy comedy comedy comedy comedy comedy comedy comedy comedy comedy comedy comedy comedy comedy comedy comedy comedy comedy comedy comedy comedy comedy comedy comedy comedy
image_tamil_0379.jpg,malayalam movie song
image_tamil_0380.jpg,a woman in a black hoodie with a dark background
image_tamil_0381.jpg,a woman talking to children in a village
image_tamil_0382.jpg,a man in yellow shirt sitting down with his hands clasped
image_tamil_0383.jpg,malayalam comedy comedy comedy comedy comedy comedy comedy comedy comedy comedy comedy comedy comedy comedy comedy comedy comedy comedy comedy comedy comedy comedy comedy comedy comedy comedy comedy
image_tamil_0384.jpg,a scene from the movie ' ' ' ' ' ' ' ' ' ' ' ' ' ' ' ' ' ' ' ' ' ' ' ' '
image_tamil_0385.jpg,malayalam movie dialoguess
image_tamil_0386.jpg,malayalam movie dialoguess
image_tamil_0387.jpg,tamil dialogues of actor
image_tamil_0388.jpg,a man talking to another man in a field
image_tamil_0389.jpg,telugu dialoguess in telugu movies
image_tamil_0390.jpg,telugu movie dialoguess
image_tamil_0391.jpg,a woman talking to a man in front of a truck
image_tamil_0392.jpg,malayalam sad love quotes
image_tamil_0393.jpg,tamil actor vijay reddy in a scene
image_tamil_0394.jpg,a man sitting on the ground with his hands up
image_tamil_0395.jpg,malayalam comedy comedy comedy comedy comedy comedy comedy comedy comedy comedy comedy comedy comedy comedy comedy comedy comedy comedy comedy comedy comedy comedy comedy comedy comedy comedy comedy comedy comedy
image_tamil_0396.jpg,malayalam movie dialogues dialogues
image_tamil_0397.jpg,tamil funny videos
image_tamil_0398.jpg,tamil dialoguess with dialoguess
image_tamil_0399.jpg,malayalam movie dialoguess
image_tamil_0400.jpg,a man in a white shirt standing in a field
image_tamil_0401.jpg,malayalam movie dialoguess
image_tamil_0402.jpg,malayalam movie dialogues dialogues
image_tamil_0403.jpg,vijay vijay reddy reddy reddy reddy reddy reddy reddy reddy reddy reddy reddy reddy reddy reddy reddy reddy reddy reddy reddy
image_tamil_0404.jpg,telugu dialoguess in telugu movies
image_tamil_0405.jpg,a man sitting on the ground with two men sitting in front of him
image_tamil_0406.jpg,a man with a mustache and a watch on his wrist
image_tamil_0407.jpg,a man in a red shirt and a man in a white shirt sitting at a table
image_tamil_0408.jpg,a man in a colorful shirt is holding his hands up
image_tamil_0409.jpg,a man is being carried by a woman in a street
image_tamil_0410.jpg,malayalam movie song
image_tamil_0411.jpg,a man with a finger in his hand
image_tamil_0412.jpg,tamil dialogues of a man
image_tamil_0413.jpg,a man is talking to a group of men
image_tamil_0414.jpg,malayalam comedy comedy comedy comedy comedy comedy comedy comedy comedy comedy comedy comedy comedy comedy comedy comedy comedy comedy comedy comedy comedy comedy comedy comedy comedy comedy comedy comedy comedy
image_tamil_0415.jpg,tamil movie dialoguess
image_tamil_0416.jpg,tamil dialogues of the day
image_tamil_0417.jpg,a man is sitting in front of a woman
image_tamil_0418.jpg,a man is giving a woman a hand
image_tamil_0419.jpg,an old woman talking to a man in a village
image_tamil_0420.jpg,a man with a mustache and mustaches is laughing
image_tamil_0421.jpg,a col of a man with different expressions
image_tamil_0422.jpg,a man with a surprised look on his face
image_tamil_0423.jpg,malayalam dialoguess with images
image_tamil_0424.jpg,a woman talking to a man in an office
image_tamil_0425.jpg,a man with a surprised look on his face
image_tamil_0426.jpg,malayalam comedy dialoguess
image_tamil_0427.jpg,malayalam movie dialoguess
image_tamil_0428.jpg,tamil dialogues of the day
image_tamil_0429.jpg,malayalam movie song
image_tamil_0430.jpg,malayalam dialoguess with images
image_tamil_0431.jpg,malayalam comedy dialoguess
image_tamil_0432.jpg,malayalam dialoguess with images
image_tamil_0433.jpg,telugu dialogues of the day
image_tamil_0434.jpg,a man carrying a large bag on his head
image_tamil_0435.jpg,a man is sitting on the steps with two women
image_tamil_0436.jpg,a woman talking to another woman in a village
image_tamil_0437.jpg,malayalam movie dialoguess
image_tamil_0438.jpg,tamil comedy comedy show
image_tamil_0439.jpg,malayalam comedy dialoguess
image_tamil_0440.jpg,malayalam comedy comedy comedy comedy comedy comedy comedy comedy comedy comedy comedy comedy comedy comedy comedy comedy comedy comedy comedy comedy comedy comedy comedy comedy comedy comedy comedy comedy comedy
image_tamil_0441.jpg,a man sitting on a couch talking on a cell
image_tamil_0442.jpg,malayalam movie dialoguess
image_tamil_0443.jpg,malayalam movie songs
image_tamil_0444.jpg,a man is talking to a woman in a tv studio
image_tamil_0445.jpg,telugu dialoguess in telugu movies
image_tamil_0446.jpg,malayalam movie dialoguess
image_tamil_0447.jpg,a man in a green shirt is pointing his finger at the camera
image_tamil_0448.jpg,a man in a white shirt is sitting in a car
image_tamil_0449.jpg,tamil dialogues of raj raj
image_tamil_0450.jpg,a man in a tuxed tuxed tuxed tuxed tuxed tuxed tuxed tuxed tuxed tuxed tuxed tuxed
image_tamil_0451.jpg,tamil dialogues of actor vijay vijay
image_tamil_0452.jpg,telugu actress in telugu movie
image_tamil_0453.jpg,a man is sitting on a swing in the jungle
image_tamil_0454.jpg,malayalam dialoguess with images
image_tamil_0455.jpg,tamil movie dialogues dialoguess
image_tamil_0456.jpg,a man in a green shirt is holding a knife
image_tamil_0457.jpg,malayalam movie dialoguess
image_tamil_0458.jpg,a man sitting at a table with a woman in front of him
image_tamil_0459.jpg,tamil dialogues of actor vijay vijay
image_tamil_0460.jpg,malayalam movie dialoguess
image_tamil_0461.jpg,a man in a red shirt smoking a cigarette
image_tamil_0462.jpg,telugu dialoguess in telugu movies
image_tamil_0463.jpg,tamil dialogues of the day
image_tamil_0464.jpg,malayalam movie songs
image_tamil_0465.jpg,a man in a white shirt and tie is holding a book
image_tamil_0466.jpg,a woman with a pink shirt and a pink shirt is talking to the camera
image_tamil_0467.jpg,telugu dialogues of actor vijay vijay
image_tamil_0468.jpg,a woman is playing with a man in a room
image_tamil_0469.jpg,tamil dialogues of the day
image_tamil_0470.jpg,a man in a white shirt is standing in front of a house
image_tamil_0471.jpg,telugu movie dialoguess
image_tamil_0472.jpg,a man in red shirt holding a microphone
image_tamil_0473.jpg,malayalam movie song
image_tamil_0474.jpg,a col of a man in a costume and a woman in a dress
image_tamil_0475.jpg,tamil dialogues of actor and actor
image_tamil_0476.jpg,malayalam movie dialogues dialoguess
image_tamil_0477.jpg,a man sleeping on the ground with a yellow shirt
image_tamil_0478.jpg,a man in a white shirt and tie is holding a microphone
image_tamil_0479.jpg,malayalam dialogues about life
image_tamil_0480.jpg,a man in a red shirt dancing
image_tamil_0481.jpg,telugu movie songs
image_tamil_0482.jpg,malayalam movie dialogues dialoguess
image_tamil_0483.jpg,telugu dialoguess in telugu movies
image_tamil_0484.jpg,malayalam love quotes in telugu
image_tamil_0485.jpg,a man is laughing while riding on a bus
image_tamil_0486.jpg,telugu movie dialoguess
image_tamil_0487.jpg,tamil dialogues of actor vijay vijay
image_tamil_0488.jpg,telugu dialogues of actor vijay vijay
image_tamil_0489.jpg,tamil dialogues of actor vijay vijay
image_tamil_0490.jpg,malayalam dialoguess
image_tamil_0491.jpg,a woman is talking to a man in a village
image_tamil_0492.jpg,malayalam comedy comedy comedy comedy comedy comedy comedy comedy comedy comedy comedy comedy comedy comedy comedy comedy comedy comedy comedy comedy comedy comedy comedy comedy comedy comedy comedy comedy comedy
image_tamil_0493.jpg,telugu dialoguess in telugu movies
image_tamil_0494.jpg,a man in a plaid shirt is standing in front of a yellow fence
image_tamil_0495.jpg,vijay vijay and vijay vijay in the movie
image_tamil_0496.jpg,a man with a cigarette in his mouth
image_tamil_0497.jpg,a man is talking to a woman on a motorcycle
image_tamil_0498.jpg,malayalam funny dialoguess
image_tamil_0499.jpg,a man is being a woman in the village
image_tamil_0500.jpg,malayalam movie review
image_tamil_0501.jpg,tamil movie song
image_tamil_0502.jpg,wwe wrestlers are doing a dance routine
image_tamil_0503.jpg,"a man is being raped in the hospital, and he is being raped"
image_tamil_0504.jpg,a poster with a picture of a man in a green shirt and a lemon slice
image_tamil_0505.jpg,a man is talking to another man
image_tamil_0506.jpg,a sign that says that the road is closed
image_tamil_0507.jpg,a woman in a sari sari sari sari sari sari sari sari sari sari sari sari sari
image_tamil_0508.jpg,a col of the two men who were killed in the attack
image_tamil_0509.jpg,a man in a cage with a quote on it
image_tamil_0510.png,tamil movie dialogues dialoguess
image_tamil_0511.jpg,a man with a beard and a red jar of cream
image_tamil_0512.jpg,telangana govt chief krunal reddy reddy reddy reddy reddy reddy reddy reddy reddy reddy reddy reddy reddy reddy reddy
image_tamil_0513.jpg,a man in a wheelchair is shown by a woman
image_tamil_0514.jpg,a woman in a sari sari sari sari sari sari sari sari sari sari sari sari sari
image_tamil_0515.jpg,a woman in a yellow dress is talking to a man
image_tamil_0516.jpg,a tweet with a picture of a man in the middle
image_tamil_0517.jpg,a screenshot of a man with a beard and a woman with a beard
image_tamil_0518.png,a quote from the movie ` ` ` ` ` ` ` ` ` ` ` ` ` ` ` ` ` ` ` ` ` ` ` ` `
image_tamil_0519.jpg,a sign in tamil that reads ' no to the public '
image_tamil_0520.jpg,a plate of food with a quote on it
image_tamil_0521.jpg,a sign that reads ' no to the public '
image_tamil_0522.jpg,"a man and woman in a wedding dress, one is holding a picture of the other man"
image_tamil_0523.jpg,a cartoon character with a green background and a text that reads ` ` ` ` ` ` ` ` ` ` ` ` ` ` ` ` ` `
image_tamil_0524.jpg,a couple kissing in the rain
image_tamil_0525.jpg,two men laughing and one pointing at the other
image_tamil_0526.jpg,malayalam love quotes in telugu language
image_tamil_0527.jpg,a man is talking to another man in a village
image_tamil_0528.png,a man is standing on a ladder and holding a knife
image_tamil_0529.jpg,a girl singing in malayalam
image_tamil_0530.jpg,a man in blue shirt talking to another man in blue shirt
image_tamil_0531.jpg,a woman in a blue dress is talking on the phone
image_tamil_0532.jpg,a man in a red shirt is talking to a reporter
image_tamil_0533.jpg,tamil movie ' s ' pa '
image_tamil_0534.jpg,a baby is holding a small ring
image_tamil_0535.png,vijay vijay and vijay vijay
image_tamil_0536.jpg,tamil funny videos
image_tamil_0537.jpg,a funny scene from the movie
image_tamil_0538.png,a man in uniform is sitting on a chair and talking to another man
image_tamil_0539.jpg,a girl in a blue dress is talking to a man in a blue shirt
image_tamil_0540.jpg,tamil movie dialoguess
image_tamil_0541.jpg,a man is talking to a woman on the phone
image_tamil_0542.jpg,a man in a red shirt is holding a microphone
image_tamil_0543.jpg,a woman with sunglasses on her face and a man with a mustache
image_tamil_0544.jpg,a scene from the movie ' s first look
image_tamil_0545.jpg,malayalam actress madan in a scene from the movie
image_tamil_0546.jpg,a woman in a pink dress dancing with a man
image_tamil_0547.jpg,a woman in a field with a white sheet
image_tamil_0548.jpg,tamil actors whos whos your favourite?
image_tamil_0549.jpg,malayalam funny dialoguess
image_tamil_0550.jpg,tamil funny dialoguess
image_tamil_0551.jpg,a man in a suit and tie standing in front of a crowd
image_tamil_0552.jpg,a funny scene from the movie
image_tamil_0553.jpg,malayalam dialoguess
image_tamil_0554.jpg,a man with a bodybuilding body and a quote on it
image_tamil_0555.jpg,the earth in tamil
image_tamil_0556.jpg,malayalam comedy comedy comedy comedy comedy comedy comedy comedy comedy comedy comedy comedy comedy comedy comedy comedy comedy comedy comedy comedy comedy comedy comedy comedy comedy comedy comedy comedy comedy
image_tamil_0557.jpg,a poster with the capt of person and person
image_tamil_0558.jpg,a man in a hat and a picture of a man with a gun
image_tamil_0559.jpg,anuram and anuram interview on the show
image_tamil_0560.jpg,malayalam song - malayalam songs
image_tamil_0561.jpg,a man talking to another man in a fruit market
image_tamil_0562.jpg,a man in a hat and glasses smoking a cigarette
image_tamil_0563.png,two graduates in graduation gowns giving thumbs
image_tamil_0564.jpg,tamil dialogues of person
image_tamil_0565.jpg,"love quotes in telugu telugu telugu quotes, telugu quotes, telugu quotes, love quotes, love quotes, funny"
image_tamil_0566.jpg,tamil movie review
image_tamil_0567.jpg,"tamil quotes, tamil quotes, tamil quotes, tamil quotes, tamil quotes, tamil quotes, tamil quotes,"
image_tamil_0568.jpg,"a col of person and person cricket jokes, cricket jokes, cricket players, cricket players, cricket players, person, person, person, person"
image_tamil_0569.jpg,a woman selling flowers in a market
image_tamil_0570.jpg,malayalam comedy comedy comedy comedy comedy comedy comedy comedy comedy comedy comedy comedy comedy comedy comedy comedy comedy comedy comedy comedy comedy comedy comedy comedy comedy comedy comedy comedy comedy
image_tamil_0571.jpg,a picture of a man in a white shirt and shorts with a black and white shirt on
image_tamil_0572.jpg,a col with pictures of animals and people
image_tamil_0573.jpg,a man with a banda on his head and a poster of him
image_tamil_0574.png,a man with a mustache and a mustache in his mouth
image_tamil_0575.jpg,"malayalam sad girl quotes, sad girl quotes, sad girl pictures, sad girl images, sad girl images, sad girl images, sad girl images"
image_tamil_0576.jpg,malayalam movie memes
image_tamil_0577.jpg,a col of a couple in a room
image_tamil_0578.png,person in the movie ` ` ` ` ` ` ` ` ` ` ` ` ` ` ` ` ` ` ` ` ` ` ` ` ` `
image_tamil_0579.png,a man in a white shirt is sitting at a table with a green screen
image_tamil_0580.jpg,tamil funny dialoguess with tamil dialoguess
image_tamil_0581.jpg,a col of the movie ' s characters
image_tamil_0582.png,two women on bikes with text that says i have doubt years why they need to walk
image_tamil_0583.jpg,a woman sitting on the ground with a smile on her face
image_tamil_0584.jpg,a man with a mustache and mustaches in front of a wall
image_tamil_0585.jpg,a man in a striped shirt and tie is looking at a woman
image_tamil_0586.jpg,a clock with a man holding a clock
image_tamil_0587.jpg,a man in a white shirt is sitting on a train
image_tamil_0588.jpg,a video of the tamil film ' s song
image_tamil_0589.png,a man holding a bottle of liquid
image_tamil_0590.jpg,a man and woman talking in a room
image_tamil_0591.jpg,malayalam comedy comedy comedy comedy comedy comedy comedy comedy comedy comedy comedy comedy comedy comedy comedy comedy comedy comedy comedy comedy comedy comedy comedy comedy comedy comedy comedy comedy comedy
image_tamil_0592.jpg,a poster of a man with a beard and a woman with a beard
image_tamil_0593.jpg,a man is looking at another man who is looking at him
image_tamil_0594.jpg,tamil funny moments
image_tamil_0595.png,happy new dara movie review
image_tamil_0596.jpg,a man laughing and looking at another man with a smile
image_tamil_0597.jpg,two men talking to each other men
image_tamil_0598.jpg,a man is smiling and pointing at the camera
image_tamil_0599.jpg,a person holding a remote control in front of a television
image_tamil_0600.png,a couple kissing in a restaurant
image_tamil_0601.jpg,"chocolate, chocolate, chocolate, chocolate, chocolate, chocolate, chocolate, chocolate, chocolate, chocolate, chocolate"
image_tamil_0602.jpg,a man is talking to another man in a photo
image_tamil_0603.jpg,a poster with the capt of a man and woman
image_tamil_0604.jpg,malayalam dialoguess
image_tamil_0605.jpg,a man in a suit and tie is talking to a woman
image_tamil_0606.jpg,a man in a white shirt and a black and white shirt with a black and white writing on it
image_tamil_0607.jpg,tamil news on the election
image_tamil_0608.jpg,a man and woman are smiling and posing for the camera
image_tamil_0609.jpg,a woman in a green sari sari sari sari sari sari sari sari sari sari sari sar
image_tamil_0610.png,a col of a man in a boat and a man in a boat
image_tamil_0611.jpg,a man singing in front of a microphone
image_tamil_0612.jpg,tamil movie dialoguess
image_tamil_0613.jpg,a woman is being raped in a public
image_tamil_0614.jpg,a col of the movie ` ` ` ` ` ` ` ` ` ` ` ` ` ` ` ` ` ` ` ` ` ` ` ` `
image_tamil_0615.jpg,a col of a man and a woman
image_tamil_0616.jpg,hero movie review
image_tamil_0617.jpg,the entrance to the restaurant
image_tamil_0618.jpg,a man and woman are talking to each other people
image_tamil_0619.jpg,a man is jumping into the water with a toy
image_tamil_0620.jpg,a col of two pictures of a woman in a pink dress
image_tamil_0621.png,a person holding a paper star with writing on it
image_tamil_0622.jpg,sun music john s ' n ' n ' n ' n ' n ' n ' n ' n ' n ' n ' n ' n ' n
image_tamil_0623.jpg,malayalam movie ' s ' kaala '
image_tamil_0624.jpg,a poster of the candidates for the election
image_tamil_0625.jpg,a couple of people sitting in a movie theater
image_tamil_0626.jpg,a man is making a wooden bowl with a knife
image_tamil_0627.jpg,a man in a car with a face mask on
image_tamil_0628.jpg,a person holding a cell phone with a fingerprint on it
image_tamil_0629.jpg,a man in a red shirt is talking to another man in a red shirt
image_tamil_0630.jpg,a man talking on a cell phone while another man is talking on a cell phone
image_tamil_0631.jpg,tamil movie song
image_tamil_0632.jpg,malayalam movie song
image_tamil_0633.jpg,"a man is holding a sign that says, ' eggs are not allowed '"
image_tamil_0634.jpg,world famous love story
image_tamil_0635.jpg,a funny dialogues in telugu telugu movie
image_tamil_0636.jpg,a col of a couple in a restaurant
image_tamil_0637.jpg,"a sign in tamil that reads, ' ' ' '"
image_tamil_0638.jpg,a man in a yellow jacket with a black and white photo
image_tamil_0639.jpg,a man is talking to another man in the field
image_tamil_0640.png,tamil funny jokes on life
image_tamil_0641.png,a man and a woman talking to each other people
image_tamil_0642.jpg,a movie scene with a man and woman sitting in front of a crowd
image_tamil_0643.jpg,a picture of a man talking to another man
image_tamil_0644.jpg,the three men are standing in a room
image_tamil_0645.jpg,a man in a suit and bow tie is smiling
image_tamil_0646.jpg,a man in a green shirt and red pants
image_tamil_0647.jpg,a man is being his wife in a temple
image_tamil_0648.jpg,a man in a red hat and a blue shirt
image_tamil_0649.jpg,a screen shot of a man singing in front of a screen
image_tamil_0650.jpg,a man is sitting at a table with a woman
image_tamil_0651.jpg,tamil funny dialoguess
image_tamil_0652.jpg,a man with a pink shirt and a pink shirt is holding a cigarette
image_tamil_0653.jpg,a poem in tamil with a picture of a man and a woman
image_tamil_0654.png,a man is giving another a flower to him
image_tamil_0655.jpg,a group of people standing around a man
image_tamil_0656.jpg,malayalam comedy comedy comedy comedy comedy comedy comedy comedy comedy comedy comedy comedy comedy comedy comedy comedy comedy comedy comedy comedy comedy comedy comedy comedy comedy comedy comedy comedy comedy
image_tamil_0657.jpg,tamil tamil song
image_tamil_0658.jpg,a family posing for a photo with their baby
image_tamil_0659.jpg,a man riding a bike down the street
image_tamil_0660.jpg,a man is looking out the window of a train
image_tamil_0661.png,a man is talking to another man on the phone
image_tamil_0662.jpg,a poster in the street in front of a building
image_tamil_0663.jpg,a picture of a banana leaf with a bowl of soup and a banana leaf
image_tamil_0664.jpg,a screen shot of a group of people sitting in a movie theater
image_tamil_0665.jpg,tamil movie songs
image_tamil_0666.jpg,malayalam comedy comedy - part 1
image_tamil_0667.jpg,a pile of food that is being sold
image_tamil_0668.png,"tamil quotes, tamil quotes, tamil quotes, tamil quotes, tamil quotes, tamil quotes, tamil quotes,"
image_tamil_0669.jpg,a man holding a dog with the capt in his mouth
image_tamil_0670.jpg,tamil funny moments
image_tamil_0671.jpg,a man in a red shirt is standing in front of a screen
image_tamil_0672.jpg,a man with a beard and a beard in front of a mirror
image_tamil_0673.jpg,a woman sitting on the floor in front of a pot
image_tamil_0674.jpg,a scene from the film raman
image_tamil_0675.jpg,a woman talking to another woman in a kitchen
image_tamil_0676.jpg,malayalam movie dialoguess
image_tamil_0677.jpg,a video of a man in a space suit
image_tamil_0678.jpg,malayalam movie dialoguess
image_tamil_0679.jpg,a man is jumping in the air with a woman
image_tamil_0680.jpg,a man with a beard and a woman with a smile on her face
image_tamil_0681.jpg,a funny picture of person and person in the movie
image_tamil_0682.jpg,tamil dialoguess
image_tamil_0683.jpg,sri sri sri sri sri sri sri sri sri sri sri sri sri sri sri sri sri sri sri sri sri
image_tamil_0684.jpg,a funny scene from the movie
image_tamil_0685.jpg,malayalam comedy comedy show
image_tamil_0686.jpg,malayalam movie dialoguess
image_tamil_0687.jpg,a song with lyrics in malayalam
image_tamil_0688.jpg,a woman in a bus with a man on the bus
image_tamil_0689.jpg,a man riding a pink motorcycle with a woman on it
image_tamil_0690.jpg,a woman singing into a microphone with the words ' sing sing sing sing sing sing sing sing sing sing sing
image_tamil_0691.jpg,a movie with a quote on it
image_tamil_0692.jpg,gokutad - gokutad - gokutad - gokutad - gokutad - gokuta
image_tamil_0693.jpg,a woman in a yellow dress talking to another woman
image_tamil_0694.jpg,a man jumping in the air with indian flags
image_tamil_0695.jpg,a cat is sitting on the floor and looking at the camera
image_tamil_0696.jpg,the voice of the voice of the voice of the voice of the voice of the voice of the voice of
image_tamil_0697.jpg,malayalam comedy comedy scene
image_tamil_0698.jpg,a col of a couple singing and a man singing
image_tamil_0699.jpg,a screenshot of a man with a mustache and a mustache
image_tamil_0700.jpg,a funny image of the pm and pm modu
image_tamil_0701.jpg,malayalam song video
image_tamil_0702.jpg,tamil movie songs
image_tamil_0703.jpg,malayalam movie dialoguess
image_tamil_0704.jpg,two tigers in a bucket with water
image_tamil_0705.jpg,a couple hugging each other couple
image_tamil_0706.jpg,a cartoon scene with a man and woman
image_tamil_0707.jpg,a screenshot of a man in a school uniform
image_tamil_0708.jpg,malayalam movie dialoguess
image_tamil_0709.jpg,malayalam movie song
image_tamil_0710.jpg,a col of a man and woman in a field
image_tamil_0711.jpg,a salon with a black couch and a black couch
image_tamil_0712.jpg,a newspaper with a picture of a man and woman
image_tamil_0713.jpg,a man and woman standing on a balcony with a man holding a flower
image_tamil_0714.jpg,a col of the many dialoguess of person
image_tamil_0715.jpg,a col of the cast of the show
image_tamil_0716.jpg,a man in a red shirt and a woman in a white shirt are talking to each other people
image_tamil_0717.jpg,a col of the same faces of a man in blue and white
image_tamil_0718.jpg,a man with a mustache and mustaches on his face
image_tamil_0719.jpg,a green tape with the words ' ' ' ' ' ' ' ' ' ' ' ' ' ' ' ' ' ' ' ' ' ' ' '
image_tamil_0720.jpg,a video of the tamil film ' s song
image_tamil_0721.jpg,abrami bgs house in hindi
image_tamil_0722.jpg,a picture of a man in a joker mask and a picture of a man in a joker mask
image_tamil_0723.jpg,anusha mukherjee in white dress
image_tamil_0724.jpg,a cartoon character is running through a desert
image_tamil_0725.jpg,tamil movie songs
image_tamil_0726.jpg,malayalam movie song with lyrics
image_tamil_0727.jpg,a man with a mustache and a mustache in his mouth
image_tamil_0728.jpg,a col of two pictures of a woman in a dress and a man in a yellow shirt
image_tamil_0729.jpg,a girl in a white dress standing in the middle of a field with a black background
image_tamil_0730.jpg,a man with a mustache and a mustache on his face
image_tamil_0731.jpg,a man with a black shirt and a black hat
image_tamil_0732.jpg,a col of a man with a mustache and glasses
image_tamil_0733.jpg,a screen shot of a green field with a woman in the background
image_tamil_0734.jpg,malayalam dialoguess with images
image_tamil_0735.jpg,a funny picture of a man laughing and laughing with other people
image_tamil_0736.jpg,a col of a crowd of people in a city
image_tamil_0737.jpg,a man in a black shirt and sunglasses is talking on a cell
image_tamil_0738.jpg,a man is giving another man a flower
image_tamil_0739.jpg,tamil dialogues of the day
image_tamil_0740.jpg,a man smoking a cigarette in the middle of the image is a quote from the tamil language
image_tamil_0741.jpg,a facebook page with a picture of a man and a woman
image_tamil_0742.jpg,funny memess of naren singh
image_tamil_0743.jpg,a man in a white shirt and a black shirt with a yellow flame behind him
image_tamil_0744.jpg,"a protest in vijaynagar district, telangana"
image_tamil_0745.jpg,a col of the faces of two men
image_tamil_0746.jpg,a woman with a hat and a black shirt
image_tamil_0747.jpg,a col of a family with a baby
image_tamil_0748.jpg,a col of two people with different faces
image_tamil_0749.jpg,a group of people standing in front of a tree
image_tamil_0750.jpg,a woman talking on a cell phone
image_tamil_0751.jpg,malayalam dialoguess
image_tamil_0752.jpg,a woman in a red dress and a man in a white shirt
image_tamil_0753.jpg,a man in a suit and glasses is holding a cigarette
image_tamil_0754.jpg,a woman in a red shirt is speaking into a microphone
image_tamil_0755.jpg,a man in a pink dress walking on the tracks
image_tamil_0756.jpg,ayuthu movie review
image_tamil_0757.png,a pair of green flip flops with blue soles
image_tamil_0758.jpg,a funny picture of a woman and a man with a banda banda banda banda banda banda banda banda banda banda
image_tamil_0759.jpg,a poster of a man and woman in the middle of the movie world famous
image_tamil_0760.png,a woman holding a microphone and singing into a microphone
image_tamil_0761.jpg,a man in a white shirt is talking to a woman in a green shirt
image_tamil_0762.jpg,a man in a white shirt and black pants with a black and white striped shirt
image_tamil_0763.jpg,a man sitting at a desk with a laptop
image_tamil_0764.jpg,a plate with a knife and fork on it
image_tamil_0765.jpg,malayalam comedy movie
image_tamil_0766.jpg,a man with a smile on his face and a quote in tamil
image_tamil_0767.jpg,a woman is seen in a video posted by the tamil police
image_tamil_0768.jpg,malayalam comedy scene with english subs
image_tamil_0769.png,aash and his family
image_tamil_0770.jpg,a handwritten document with a picture of a man ' s face
image_tamil_0771.jpg,a child eating food in tamil
image_tamil_0772.jpg,a man in a suit and tie with a woman in a yellow vest
image_tamil_0773.jpg,a goat eating leaves in a farm
image_tamil_0774.jpg,a man is talking to a woman in a crowd
image_tamil_0775.jpg,tamil news on the election day
image_tamil_0776.jpg,malayalam movie song
image_tamil_0777.jpg,a col of the actors in the movie
image_tamil_0778.jpg,a woman talking to a man in a room
image_tamil_0779.jpg,a video of a family in india
image_tamil_0780.png,a group of people sitting around a table
image_tamil_0781.jpg,a woman in a sari sari sari sari sari sari sari sari sari sari sari sari sari
image_tamil_0782.jpg,a song with lyrics in english and english
image_tamil_0783.jpg,a man in a blue shirt and a man in a blue shirt are talking to each other men
image_tamil_0784.jpg,a man holding a knife in front of a tree
image_tamil_0785.jpg,a man with a mustache and a mustache on his head
image_tamil_0786.jpg,a scene from the movie
image_tamil_0787.jpg,a man is painting a wall with a paint roller
image_tamil_0788.jpg,tamil quotes on life
image_tamil_0789.jpg,a man in a suit and tie talking to another man
image_tamil_0790.jpg,tamil movies
image_tamil_0791.jpg,a col of the same couple
image_tamil_0792.jpg,a car with a bottle of water next to it
image_tamil_0793.jpg,a man sitting in a chair with a quote on it
image_tamil_0794.jpg,a man talking to a woman in a street
image_tamil_0795.jpg,"a cartoon character with a phone and a text that reads, ` ` ' ' ' ' ' ' ' ' ' ' ' ' ' ' ' '"
image_tamil_0796.jpg,a man in a green shirt and a black shirt with a bat on it
image_tamil_0797.jpg,a col of the actors in the movie
image_tamil_0798.jpg,malayalam comedy scene with english subs
image_tamil_0799.jpg,malayalam funny videos
image_tamil_0800.jpg,a col of a man doing tricks on a motorcycle
image_tamil_0801.jpg,a col of a man and a woman on a motorcycle
image_tamil_0802.jpg,tamil funny dialoguess
image_tamil_0803.jpg,a col of a man and a woman in different languages
image_tamil_0804.jpg,a man in a blue shirt and a woman in a white shirt sitting at a table
image_tamil_0805.jpg,a man in yellow shirt standing next to a building
image_tamil_0806.jpg,a man in pink shirt talking on a cell
image_tamil_0807.jpg,a man holding a blue flag in front of a crowd
image_tamil_0808.jpg,pawh reddy reddy reddy reddy reddy reddy reddy reddy reddy reddy reddy reddy reddy reddy reddy reddy reddy reddy reddy
image_tamil_0809.jpg,a couple kissing in the same scene
image_tamil_0810.jpg,tamil comedy dialoguess
image_tamil_0811.jpg,a man with glasses and a mustache on his face
image_tamil_0812.jpg,a video of the destruction of a building in chennai
image_tamil_0813.jpg,tamil funny videos
image_tamil_0814.jpg,a man with a flower in his mouth
image_tamil_0815.jpg,tamil movie dialoguess
image_tamil_0816.jpg,a ladder is a ladder that can be used to climb up the stairs in the sky
image_tamil_0817.jpg,tamil dialoguess
image_tamil_0818.jpg,a screenshot of a facebook page with a bunch of people on it
image_tamil_0819.jpg,a man in uniform talking to another man
image_tamil_0820.jpg,a screen shot of a movie with the words ' eb world '
image_tamil_0821.jpg,a man cooking food in a kitchen with a fire
image_tamil_0822.jpg,a picture of a man and woman with the capt of the capt
image_tamil_0823.jpg,a funny picture of a man and woman talking
image_tamil_0824.jpg,a man in a white shirt and glasses is talking to a woman
image_tamil_0825.jpg,government office in chennai
image_tamil_0826.jpg,a poem in tamil with a picture of a man in a suit
image_tamil_0827.jpg,a man in a blue shirt is singing into a microphone
image_tamil_0828.jpg,a man eating food with a woman in the background
image_tamil_0829.jpg,a picture of a woman talking to a man in a room
image_tamil_0830.jpg,a child with a sad expression on his face
image_tamil_0831.jpg,a poster with a picture of two men
image_tamil_0832.jpg,tamil funny videos
image_tamil_0833.jpg,tamil movie songs
image_tamil_0834.jpg,a man is talking to another on the phone
image_tamil_0835.jpg,a col of the best cricket videos of all time
image_tamil_0836.jpg,a bunch of memess that are all in one picture
image_tamil_0837.jpg,a man in a suit and tie is talking to a woman
image_tamil_0838.png,"a picture of a man with a beard and a black shirt, with the words ' every reaction after time"
image_tamil_0839.jpg,a picture of a man talking to another man
image_tamil_0840.jpg,a col of two men with different faces
image_tamil_0841.jpg,a man in a red shirt is talking to a woman in a red shirt
image_tamil_0842.jpg,seman and simu movie rea
image_tamil_0843.png,a man in a suit and tie is talking to someone
image_tamil_0844.jpg,malayalam dialoguess
image_tamil_0845.jpg,malayalam comedy comedy comedy comedy comedy comedy comedy comedy comedy comedy comedy comedy comedy comedy comedy comedy comedy comedy comedy comedy comedy comedy comedy comedy comedy comedy comedy comedy comedy
image_tamil_0846.jpg,"a man with long hair and a mustache, wearing a hat"
image_tamil_0847.jpg,"a poster of the party leader, who was not in the election"
image_tamil_0848.jpg,a man with a mustache and mustaches on his head
image_tamil_0849.jpg,"a cartoon cartoon of a man standing in front of a wall with a sign that says, ` ` ` ' ' '"
image_tamil_0850.jpg,a couple talking to each other people in a movie
image_tamil_0851.jpg,a dog with a picture of a man and a dog
image_tamil_0852.png,a man in a yellow raincoat talking to another man
image_tamil_0853.jpg,a man with a beard and a beard is looking at a computer
image_tamil_0854.png,a video of a man speaking to reporters
image_tamil_0855.jpg,a woman is talking to another woman in a store
image_tamil_0856.jpg,three men with mustaches and helmets
image_tamil_0857.jpg,a cartoon of a man talking to another man
image_tamil_0858.jpg,a man is sitting on a motorcycle in front of a building
image_tamil_0859.jpg,a man is being his friend in the same way
image_tamil_0860.png,a funny meme of a man with a beard and a beard
image_tamil_0861.jpg,"wonder, wonder, wonder, wonder, wonder, wonder, wonder, wonder, wonder, wonder, wonder"
image_tamil_0862.jpg,a couple is kissing in the park
image_tamil_0863.png,world movie review
image_tamil_0864.jpg,malayalam movie dialoguess
image_tamil_0865.jpg,tamil movie dialoguess
image_tamil_0866.jpg,tamil funny videos
image_tamil_0867.jpg,a man with a beard and a beard with a mustache and a beard with a mustache and a beard with
image_tamil_0868.jpg,funny jokes on politics in telugu
image_tamil_0869.jpg,a lion and a zebra eating grass in a field
image_tamil_0870.png,a man in a yellow shirt pointing at the camera
image_tamil_0871.jpg,a col of the sames of the sames
image_tamil_0872.jpg,a poster for the event
image_tamil_0873.jpg,me and me in tamil
image_tamil_0874.png,indian cricket team in oves
image_tamil_0875.jpg,bjp party in telangana
image_tamil_0876.png,a man in glasses smiling and wearing a pink shirt
image_tamil_0877.jpg,tamil song video
image_tamil_0878.jpg,a man holding a piece of paper in his hand
image_tamil_0879.jpg,tamil movie dialoguess
image_tamil_0880.jpg,a col of the dialoguess of the malayalam movie
image_tamil_0881.jpg,a man holding a sign with the words ' pody supp '
image_tamil_0882.jpg,a man is seen in a newspaper with a newspaper clipping
image_tamil_0883.jpg,a sign in the village
image_tamil_0884.jpg,a man is talking to another man in a room
image_tamil_0885.jpg,tamil dialoguess
image_tamil_0886.jpg,tamil funny dialoguess
image_tamil_0887.jpg,a bunch of chocolates in tamil
image_tamil_0888.jpg,tamil comedy comedy show
image_tamil_0889.jpg,a woman is being her husband in the middle of the road
image_tamil_0890.png,a man with a mustache and mustaches holding a banana
image_tamil_0891.jpg,a song with the words ' today evening '
image_tamil_0892.jpg,tamil funny messages
image_tamil_0893.jpg,happy birthday to the happy birthday of the actor
image_tamil_0894.jpg,tamil funny videos
image_tamil_0895.jpg,a man is talking to a woman in a video
image_tamil_0896.jpg,google mememe google meme google meme google meme google meme google meme google meme google meme google meme google me
image_tamil_0897.jpg,a girl talking on a cell phone with a man in the background
image_tamil_0898.jpg,tamil funny dialoguess
image_tamil_0899.jpg,a man with a mustache and a smile
image_tamil_0900.jpg,"a man holding a sign that says, ' happy birthday '"
image_tamil_0901.jpg,a black background with the words acs - school students
image_tamil_0902.jpg,the office malayalam movie
image_tamil_0903.jpg,tamil funny song
image_tamil_0904.jpg,tamil dialoguess
image_tamil_0905.jpg,tamil funny videos
image_tamil_0906.jpg,a screen shot of a woman in a blue shirt and a man in a blue shirt
image_tamil_0907.jpg,a man in a white shirt and black jacket
image_tamil_0908.jpg,two types of love
image_tamil_0909.png,a man with a black shirt and a black shirt with the words that romantic look
image_tamil_0910.png,a picture of a man with a mustache and mustache
image_tamil_0911.jpg,a man with glasses and a beard is waving
image_tamil_0912.jpg,malayalam funny dialoguess
image_tamil_0913.jpg,a man in a suit and tie is speaking into a microphone
image_tamil_0914.jpg,ayu and saya in the movie
image_tamil_0915.jpg,the mobile app for the mobile phone
image_tamil_0916.jpg,a man and woman talking to each other people
image_tamil_0917.jpg,"a picture of a man standing on a roof with a sign saying, ' play love '"
image_tamil_0918.jpg,a group of people standing around a globe
image_tamil_0919.jpg,a man in the water with a fire in his hand and a woman in the water with a fire in
image_tamil_0920.jpg,a group of people standing in front of a crowd
image_tamil_0921.jpg,a group of men sitting at a table
image_tamil_0922.jpg,a man in a yellow shirt smoking a cigarette
image_tamil_0923.jpg,a man in an orange shirt is holding a woman
image_tamil_0924.jpg,a col of a man with different expressions
image_tamil_0925.jpg,a man with a mustache and a woman with a mustache
image_tamil_0926.png,a poster of a man with a cigarette
image_tamil_0927.jpg,funny dialoguess in tamil
image_tamil_0928.jpg,tamil comedy show on tv
image_tamil_0929.jpg,a man is walking down the stairs with a bag
image_tamil_0930.png,a white candle is lit in a black pot
image_tamil_0931.png,malayalam comedy comedy
image_tamil_0932.jpg,malayalam movie dialoguess
image_tamil_0933.jpg,"malayalam love quotes, love quotes, tamil quotes, love quotes, tamil quotes, love quotes, tamil quotes"
image_tamil_0934.jpg,a turtle and a rabbit are talking to each other turtle
image_tamil_0935.jpg,a man and woman are talking in a stadium
image_tamil_0936.jpg,a woman in a green dress and helmet is being fucked by a man in a red shirt
image_tamil_0937.jpg,a man is eating food with a woman
image_tamil_0938.jpg,a woman in a red dress is holding a knife
image_tamil_0939.png,a woman in a sari sari sari sari sari sari sari sari sar
image_tamil_0940.jpg,malayalam comedy comedy comedy comedy comedy comedy comedy comedy comedy comedy comedy comedy comedy comedy comedy comedy comedy comedy comedy comedy comedy comedy comedy comedy comedy comedy comedy comedy comedy
image_tamil_0941.jpg,a scene from the movie ' s first episode
image_tamil_0942.jpg,a man with a beard and a tv screen
image_tamil_0943.png,kalasa malayalam movie
image_tamil_0944.jpg,a man in a suit and tie is talking to another man in a suit
image_tamil_0945.jpg,a col of the same couple in a scene from the movie
image_tamil_0946.jpg,anil amaal song lyrics
image_tamil_0947.jpg,two girls sitting on a couch talking on their cell phones
image_tamil_0948.jpg,tamil actress and actor in a public meeting
image_tamil_0949.jpg,tamil dialoguess with dialoguess
image_tamil_0950.jpg,funny car memes funny car memes funny car memes funny car memes funny car memes funny car memes funny car memes
image_tamil_0951.jpg,a man in a red shirt and glasses is standing on a cricket field
image_tamil_0952.jpg,a man holding a large wooden object in his hand
image_tamil_0953.jpg,a baby in a buddhist temple
image_tamil_0954.jpg,person in a black dress
image_tamil_0955.jpg,tamil funny dialoguess
image_tamil_0956.jpg,a col of the many faces of person
image_tamil_0957.jpg,anuran and anuran singing in the studio
image_tamil_0958.png,a man with glasses smiling and wearing a pink shirt
image_tamil_0959.jpg,a man in a blue suit is standing on a street
image_tamil_0960.jpg,a man sitting at a table with a woman
image_tamil_0961.jpg,tamil movie dialoguess
image_tamil_0962.jpg,malayalam dialoguess
image_tamil_0963.jpg,a man in a blue shirt and a man in a red shirt
image_tamil_0964.jpg,a man in a yellow shirt and sunglasses is smiling
image_tamil_0965.jpg,a col of the many faces of person
image_tamil_0966.jpg,malayalam dialoguess
image_tamil_0967.jpg,a man with a finger on his mouth
image_tamil_0968.jpg,a poster with the words ' drug school days '
image_tamil_0969.jpg,tamil funny jokes on life
image_tamil_0970.jpg,a couple smiling and laughing together
image_tamil_0971.jpg,a man in a police uniform and a man in a police uniform
image_tamil_0972.jpg,malayalam movies
image_tamil_0973.jpg,tamil dialoguess
image_tamil_0974.png,a man holding a microphone and a bottle of oil
image_tamil_0975.jpg,a woman is interviewed in a news on the news
image_tamil_0976.jpg,a man in a hat and a man in a white shirt with a bottle of perfume
image_tamil_0977.jpg,a man in a red hoodie and a man in yellow shirt
image_tamil_0978.jpg,malayalam love quotes
image_tamil_0979.jpg,a man riding a bike down the street
image_tamil_0980.jpg,two women walking in a field with an umbrella
image_tamil_0981.jpg,a group of women sitting on a bench
image_tamil_0982.jpg,"a man in a striped shirt is sitting in front of a sign that says, ` ` ` ` ` ` ` ` ` ` ` ` ` `"
image_tamil_0983.jpg,malayalam funny dialoguess
image_tamil_0984.jpg,a man is making a cake in a kitchen
image_tamil_0985.png,tdp leader karunah reddy reddy reddy reddy reddy reddy reddy reddy reddy reddy reddy reddy reddy reddy reddy
image_tamil_0986.jpg,a col of a group of people in green clothes
image_tamil_0987.jpg,a woman laying on a bed with a man in the background
image_tamil_0988.jpg,a woman in a green shirt and a man in a white shirt with a black tie and a green shirt
image_tamil_0989.jpg,malayalam movie
image_tamil_0990.jpg,a cartoon of a woman and a man with different expressions
image_tamil_0991.jpg,a col of a man and woman with different expressions
image_tamil_0992.jpg,malayalam dialoguess
image_tamil_0993.jpg,a woman with her hands up in the air
image_tamil_0994.png,a poster with the words ` ' ' and ' ' '
image_tamil_0995.jpg,a col col col col col col col col col col col col col col col col col col col col col col col col col col col col col
image_tamil_0996.jpg,a poem in tamil on a black background
image_tamil_0997.jpg,a couple kissing in the same moment
image_tamil_0998.jpg,a girl is kissing a cow with a capt
image_tamil_0999.jpg,a man in a blue shirt is looking at a woman in a blue shirt
image_tamil_1000.jpg,a woman and man are looking at each other people
