ids,ocr_text
image_telugu_0001.png,
image_telugu_0002.png,
image_telugu_0003.png,
image_telugu_0004.png,
image_telugu_0005.png,
image_telugu_0006.png,
image_telugu_0007.png,
image_telugu_0008.png,
image_telugu_0009.png,
image_telugu_0010.png,
image_telugu_0011.png,
image_telugu_0012.png,
image_telugu_0013.png,
image_telugu_0014.png,
image_telugu_0015.png,
image_telugu_0016.png,
image_telugu_0017.png,
image_telugu_0018.png,
image_telugu_0019.png,
image_telugu_0020.png,
image_telugu_0021.png,
image_telugu_0022.png,
image_telugu_0023.png,
image_telugu_0024.png,
image_telugu_0025.png,
image_telugu_0026.png,
image_telugu_0027.png,
image_telugu_0028.png,
image_telugu_0029.png,
image_telugu_0030.png,
image_telugu_0031.png,
image_telugu_0032.png,
image_telugu_0033.png,
image_telugu_0034.png,
image_telugu_0035.png,
image_telugu_0036.png,
image_telugu_0037.png,
image_telugu_0038.png,
image_telugu_0039.png,
image_telugu_0040.png,
image_telugu_0041.png,
image_telugu_0042.png,
image_telugu_0043.png,
image_telugu_0044.png,
image_telugu_0045.png,
image_telugu_0046.png,
image_telugu_0047.png,
image_telugu_0048.png,
image_telugu_0049.png,
image_telugu_0050.png,
image_telugu_0051.png,
image_telugu_0052.png,
image_telugu_0053.png,
image_telugu_0054.png,
image_telugu_0055.png,
image_telugu_0056.png,
image_telugu_0057.png,
image_telugu_0058.png,
image_telugu_0059.png,
image_telugu_0060.png,
image_telugu_0061.png,
image_telugu_0062.png,
image_telugu_0063.png,
image_telugu_0064.png,
image_telugu_0065.png,
image_telugu_0066.png,
image_telugu_0067.png,
image_telugu_0068.png,
image_telugu_0069.png,
image_telugu_0070.png,
image_telugu_0071.png,
image_telugu_0072.png,
image_telugu_0073.png,
image_telugu_0074.png,
image_telugu_0075.png,
image_telugu_0076.png,
image_telugu_0077.png,
image_telugu_0078.png,
image_telugu_0079.png,
image_telugu_0080.png,
image_telugu_0081.png,
image_telugu_0082.png,
image_telugu_0083.png,
image_telugu_0084.png,
image_telugu_0085.png,
image_telugu_0086.png,
image_telugu_0087.png,
image_telugu_0088.png,
image_telugu_0089.png,
image_telugu_0090.png,
image_telugu_0091.png,
image_telugu_0092.png,
image_telugu_0093.png,
image_telugu_0094.png,
image_telugu_0095.png,
image_telugu_0096.png,
image_telugu_0097.png,
image_telugu_0098.png,
image_telugu_0099.png,
image_telugu_0100.png,
image_telugu_0101.png,
image_telugu_0102.png,
image_telugu_0103.png,
image_telugu_0104.png,
image_telugu_0105.png,
image_telugu_0106.png,
image_telugu_0107.png,
image_telugu_0108.png,
image_telugu_0109.png,
image_telugu_0110.png,
image_telugu_0111.png,
image_telugu_0112.png,
image_telugu_0113.png,
image_telugu_0114.png,
image_telugu_0115.png,
image_telugu_0116.png,
image_telugu_0117.png,
image_telugu_0118.png,
image_telugu_0119.png,
image_telugu_0120.png,
image_telugu_0121.png,
image_telugu_0122.png,
image_telugu_0123.png,
image_telugu_0124.png,
image_telugu_0125.png,
image_telugu_0126.png,
image_telugu_0127.png,
image_telugu_0128.png,
image_telugu_0129.png,
image_telugu_0130.png,
image_telugu_0131.png,
image_telugu_0132.png,
image_telugu_0133.png,
image_telugu_0134.png,
image_telugu_0135.png,
image_telugu_0136.png,
image_telugu_0137.png,
image_telugu_0138.png,
image_telugu_0139.png,
image_telugu_0140.png,
image_telugu_0141.png,
image_telugu_0142.png,
image_telugu_0143.png,
image_telugu_0144.png,
image_telugu_0145.png,
image_telugu_0146.png,
image_telugu_0147.png,
image_telugu_0148.png,
image_telugu_0149.png,
image_telugu_0150.png,
image_telugu_0151.png,
image_telugu_0152.png,
image_telugu_0153.png,
image_telugu_0154.png,
image_telugu_0155.png,
image_telugu_0156.png,
image_telugu_0157.png,
image_telugu_0158.png,
image_telugu_0159.png,
image_telugu_0160.png,
image_telugu_0161.png,
image_telugu_0162.png,
image_telugu_0163.png,
image_telugu_0164.png,
image_telugu_0165.png,
image_telugu_0166.png,
image_telugu_0167.png,
image_telugu_0168.png,
image_telugu_0169.png,
image_telugu_0170.png,
image_telugu_0171.png,
image_telugu_0172.png,
image_telugu_0173.png,
image_telugu_0174.png,
image_telugu_0175.png,
image_telugu_0176.png,
image_telugu_0177.png,
image_telugu_0178.png,
image_telugu_0179.png,
image_telugu_0180.png,
image_telugu_0181.png,
image_telugu_0182.png,
image_telugu_0183.png,
image_telugu_0184.png,
image_telugu_0185.png,
image_telugu_0186.png,
image_telugu_0187.png,
image_telugu_0188.png,
image_telugu_0189.png,
image_telugu_0190.png,
image_telugu_0191.png,
image_telugu_0192.png,
image_telugu_0193.png,
image_telugu_0194.png,
image_telugu_0195.png,
image_telugu_0196.png,
image_telugu_0197.png,
image_telugu_0198.png,
image_telugu_0199.png,
image_telugu_0200.png,
image_telugu_0201.png,
image_telugu_0202.png,
image_telugu_0203.png,
image_telugu_0204.png,
image_telugu_0205.png,
image_telugu_0206.png,
image_telugu_0207.png,
image_telugu_0208.png,
image_telugu_0209.png,
image_telugu_0210.png,
image_telugu_0211.png,
image_telugu_0212.png,
image_telugu_0213.png,
image_telugu_0214.png,
image_telugu_0215.png,
image_telugu_0216.png,
image_telugu_0217.png,
image_telugu_0218.png,
image_telugu_0219.png,
image_telugu_0220.png,
image_telugu_0221.png,
image_telugu_0222.png,
image_telugu_0223.png,
image_telugu_0224.png,
image_telugu_0225.png,
image_telugu_0226.png,
image_telugu_0227.png,
image_telugu_0228.png,
image_telugu_0229.png,
image_telugu_0230.png,
image_telugu_0231.png,
image_telugu_0232.png,
image_telugu_0233.png,
image_telugu_0234.png,
image_telugu_0235.png,
image_telugu_0236.png,
image_telugu_0237.png,
image_telugu_0238.png,
image_telugu_0239.png,
image_telugu_0240.png,
image_telugu_0241.png,
image_telugu_0242.png,
image_telugu_0243.png,
image_telugu_0244.png,
image_telugu_0245.png,
image_telugu_0246.png,
image_telugu_0247.png,
image_telugu_0248.png,
image_telugu_0249.png,
image_telugu_0250.png,
image_telugu_0251.png,
image_telugu_0252.png,
image_telugu_0253.png,
image_telugu_0254.png,
image_telugu_0255.png,
image_telugu_0256.png,
image_telugu_0257.png,
image_telugu_0258.png,
image_telugu_0259.png,
image_telugu_0260.png,
image_telugu_0261.png,
image_telugu_0262.png,
image_telugu_0263.png,
image_telugu_0264.png,
image_telugu_0265.png,
image_telugu_0266.png,
image_telugu_0267.png,
image_telugu_0268.png,
image_telugu_0269.png,
image_telugu_0270.png,
image_telugu_0271.png,
image_telugu_0272.png,
image_telugu_0273.png,
image_telugu_0274.png,
image_telugu_0275.png,
image_telugu_0276.png,
image_telugu_0277.png,
image_telugu_0278.png,
image_telugu_0279.png,
image_telugu_0280.png,
image_telugu_0281.png,
image_telugu_0282.png,
image_telugu_0283.png,
image_telugu_0284.png,
image_telugu_0285.png,
image_telugu_0286.png,
image_telugu_0287.png,
image_telugu_0288.png,
image_telugu_0289.png,
image_telugu_0290.png,
image_telugu_0291.png,
image_telugu_0292.png,
image_telugu_0293.png,
image_telugu_0294.png,
image_telugu_0295.png,
image_telugu_0296.png,
image_telugu_0297.png,
image_telugu_0298.png,
image_telugu_0299.png,
image_telugu_0300.png,
image_telugu_0301.png,
image_telugu_0302.png,
image_telugu_0303.png,
image_telugu_0304.png,
image_telugu_0305.png,
image_telugu_0306.png,
image_telugu_0307.png,
image_telugu_0308.png,
image_telugu_0309.png,
image_telugu_0310.png,
image_telugu_0311.png,
image_telugu_0312.png,
image_telugu_0313.png,
image_telugu_0314.png,
image_telugu_0315.png,
image_telugu_0316.png,
image_telugu_0317.png,
image_telugu_0318.png,
image_telugu_0319.png,
image_telugu_0320.png,
image_telugu_0321.png,
image_telugu_0322.png,
image_telugu_0323.png,
image_telugu_0324.png,
image_telugu_0325.png,
image_telugu_0326.png,
image_telugu_0327.png,
image_telugu_0328.png,
image_telugu_0329.png,
image_telugu_0330.png,
image_telugu_0331.png,
image_telugu_0332.png,
image_telugu_0333.png,
image_telugu_0334.png,
image_telugu_0335.png,
image_telugu_0336.png,
image_telugu_0337.png,
image_telugu_0338.png,
image_telugu_0339.png,
image_telugu_0340.png,
image_telugu_0341.png,
image_telugu_0342.png,
image_telugu_0343.png,
image_telugu_0344.png,
image_telugu_0345.png,
image_telugu_0346.png,
image_telugu_0347.png,
image_telugu_0348.png,
image_telugu_0349.png,
image_telugu_0350.png,
image_telugu_0351.png,
image_telugu_0352.png,
image_telugu_0353.png,
image_telugu_0354.png,
image_telugu_0355.png,
image_telugu_0356.png,
image_telugu_0357.png,
image_telugu_0358.png,
image_telugu_0359.png,
image_telugu_0360.png,
image_telugu_0361.png,
image_telugu_0362.png,
image_telugu_0363.png,
image_telugu_0364.png,
image_telugu_0365.png,
image_telugu_0366.png,
image_telugu_0367.png,
image_telugu_0368.png,
image_telugu_0369.png,
image_telugu_0370.png,
image_telugu_0371.png,
image_telugu_0372.png,
image_telugu_0373.png,
image_telugu_0374.png,
image_telugu_0375.png,
image_telugu_0376.png,
image_telugu_0377.png,
image_telugu_0378.png,
image_telugu_0379.png,
image_telugu_0380.png,
image_telugu_0381.png,
image_telugu_0382.png,
image_telugu_0383.png,
image_telugu_0384.png,
image_telugu_0385.png,
image_telugu_0386.png,
image_telugu_0387.png,
image_telugu_0388.png,
image_telugu_0389.png,
image_telugu_0390.png,
image_telugu_0391.png,
image_telugu_0392.png,
image_telugu_0393.png,
image_telugu_0394.png,
image_telugu_0395.png,
image_telugu_0396.png,
image_telugu_0397.png,
image_telugu_0398.png,
image_telugu_0399.png,
image_telugu_0400.png,
image_telugu_0401.png,
image_telugu_0402.png,
image_telugu_0403.png,
image_telugu_0404.png,
image_telugu_0405.png,
image_telugu_0406.png,
image_telugu_0407.png,
image_telugu_0408.png,
image_telugu_0409.png,
image_telugu_0410.png,
image_telugu_0411.png,
image_telugu_0412.png,
image_telugu_0413.png,
image_telugu_0414.png,
image_telugu_0415.png,
image_telugu_0416.png,
image_telugu_0417.png,
image_telugu_0418.png,
image_telugu_0419.png,
image_telugu_0420.png,
image_telugu_0421.png,
image_telugu_0422.png,
image_telugu_0423.png,
image_telugu_0424.png,
image_telugu_0425.png,
image_telugu_0426.png,
image_telugu_0427.png,
image_telugu_0428.png,
image_telugu_0429.png,
image_telugu_0430.png,
image_telugu_0431.png,
image_telugu_0432.png,
image_telugu_0433.png,
image_telugu_0434.png,
image_telugu_0435.png,
image_telugu_0436.png,
image_telugu_0437.png,
image_telugu_0438.png,
image_telugu_0439.png,
image_telugu_0440.png,
image_telugu_0441.png,
image_telugu_0442.png,
image_telugu_0443.png,
image_telugu_0444.png,
image_telugu_0445.png,
image_telugu_0446.png,
image_telugu_0447.png,
image_telugu_0448.png,
image_telugu_0449.png,
image_telugu_0450.png,
image_telugu_0451.png,
image_telugu_0452.png,
image_telugu_0453.png,
image_telugu_0454.png,
image_telugu_0455.png,
image_telugu_0456.png,
image_telugu_0457.png,
image_telugu_0458.png,
image_telugu_0459.png,
image_telugu_0460.png,
image_telugu_0461.png,
image_telugu_0462.png,
image_telugu_0463.png,
image_telugu_0464.png,
image_telugu_0465.png,
image_telugu_0466.png,
image_telugu_0467.png,
image_telugu_0468.png,
image_telugu_0469.png,
image_telugu_0470.png,
image_telugu_0471.png,
image_telugu_0472.png,
image_telugu_0473.png,
image_telugu_0474.png,
image_telugu_0475.png,
image_telugu_0476.png,
image_telugu_0477.png,
image_telugu_0478.png,
image_telugu_0479.png,
image_telugu_0480.png,
image_telugu_0481.png,
image_telugu_0482.png,
image_telugu_0483.png,
image_telugu_0484.png,
image_telugu_0485.png,
image_telugu_0486.png,
image_telugu_0487.png,
image_telugu_0488.png,
image_telugu_0489.png,
image_telugu_0490.png,
image_telugu_0491.png,
image_telugu_0492.png,
image_telugu_0493.png,
image_telugu_0494.png,
image_telugu_0495.png,
image_telugu_0496.png,
image_telugu_0497.png,
image_telugu_0498.png,
image_telugu_0499.png,
image_telugu_0500.png,
image_telugu_0501.png,
image_telugu_0502.png,
image_telugu_0503.png,
image_telugu_0504.png,
image_telugu_0505.png,
image_telugu_0506.png,
image_telugu_0507.png,
image_telugu_0508.png,
image_telugu_0509.png,
image_telugu_0510.png,
image_telugu_0511.png,
image_telugu_0512.png,
image_telugu_0513.png,
image_telugu_0514.png,
image_telugu_0515.png,
image_telugu_0516.png,
image_telugu_0517.png,
image_telugu_0518.png,
image_telugu_0519.png,
image_telugu_0520.png,
image_telugu_0521.png,
image_telugu_0522.png,
image_telugu_0523.png,
image_telugu_0524.png,
image_telugu_0525.png,
image_telugu_0526.png,
image_telugu_0527.png,
image_telugu_0528.png,
image_telugu_0529.png,
image_telugu_0530.png,
image_telugu_0531.png,
image_telugu_0532.png,
image_telugu_0533.png,
image_telugu_0534.png,
image_telugu_0535.png,
image_telugu_0536.png,
image_telugu_0537.png,
image_telugu_0538.png,
image_telugu_0539.png,
image_telugu_0540.png,
image_telugu_0541.png,
image_telugu_0542.png,
image_telugu_0543.png,
image_telugu_0544.png,
image_telugu_0545.png,
image_telugu_0546.png,
image_telugu_0547.png,
image_telugu_0548.png,
image_telugu_0549.png,
image_telugu_0550.png,
image_telugu_0551.png,
image_telugu_0552.png,
image_telugu_0553.png,
image_telugu_0554.png,
image_telugu_0555.png,
image_telugu_0556.png,
image_telugu_0557.png,
image_telugu_0558.png,
image_telugu_0559.png,
image_telugu_0560.png,
image_telugu_0561.png,
image_telugu_0562.png,
image_telugu_0563.png,
image_telugu_0564.png,
image_telugu_0565.png,
image_telugu_0566.png,
image_telugu_0567.png,
image_telugu_0568.png,
image_telugu_0569.png,
image_telugu_0570.png,
image_telugu_0571.png,
image_telugu_0572.png,
image_telugu_0573.png,
image_telugu_0574.png,
image_telugu_0575.png,
image_telugu_0576.png,
image_telugu_0577.png,
image_telugu_0578.png,
image_telugu_0579.png,
image_telugu_0580.png,
image_telugu_0581.png,
image_telugu_0582.png,
image_telugu_0583.png,
image_telugu_0584.png,
image_telugu_0585.png,
image_telugu_0586.png,
image_telugu_0587.png,
image_telugu_0588.png,
image_telugu_0589.png,
image_telugu_0590.png,
image_telugu_0591.png,
image_telugu_0592.png,
image_telugu_0593.png,
image_telugu_0594.png,
image_telugu_0595.png,
image_telugu_0596.png,
image_telugu_0597.png,
image_telugu_0598.png,
image_telugu_0599.png,
image_telugu_0600.png,
image_telugu_0601.png,
image_telugu_0602.png,
image_telugu_0603.png,
image_telugu_0604.png,
image_telugu_0605.png,
image_telugu_0606.png,
image_telugu_0607.png,
image_telugu_0608.png,
image_telugu_0609.png,
image_telugu_0610.png,
image_telugu_0611.png,
image_telugu_0612.png,
image_telugu_0613.png,
image_telugu_0614.png,
image_telugu_0615.png,
image_telugu_0616.png,
image_telugu_0617.png,
image_telugu_0618.png,
image_telugu_0619.png,
image_telugu_0620.png,
image_telugu_0621.png,
image_telugu_0622.png,
image_telugu_0623.png,
image_telugu_0624.png,
image_telugu_0625.png,
image_telugu_0626.png,
image_telugu_0627.png,
image_telugu_0628.png,
image_telugu_0629.png,
image_telugu_0630.png,
image_telugu_0631.png,
image_telugu_0632.png,
image_telugu_0633.png,
image_telugu_0634.png,
image_telugu_0635.png,
image_telugu_0636.png,
image_telugu_0637.png,
image_telugu_0638.png,
image_telugu_0639.png,
image_telugu_0640.png,
image_telugu_0641.png,
image_telugu_0642.png,
image_telugu_0643.png,
image_telugu_0644.png,
image_telugu_0645.png,
image_telugu_0646.png,
image_telugu_0647.png,
image_telugu_0648.png,
image_telugu_0649.png,
image_telugu_0650.png,
image_telugu_0651.png,
image_telugu_0652.png,
image_telugu_0653.png,
image_telugu_0654.png,
image_telugu_0655.png,
image_telugu_0656.png,
image_telugu_0657.png,
image_telugu_0658.png,
image_telugu_0659.png,
image_telugu_0660.png,
image_telugu_0661.png,
image_telugu_0662.png,
image_telugu_0663.png,
image_telugu_0664.png,
image_telugu_0665.png,
image_telugu_0666.png,
image_telugu_0667.png,
image_telugu_0668.png,
image_telugu_0669.png,
image_telugu_0670.png,
image_telugu_0671.png,
image_telugu_0672.png,
image_telugu_0673.png,
image_telugu_0674.png,
image_telugu_0675.png,
image_telugu_0676.png,
image_telugu_0677.png,
image_telugu_0678.png,
image_telugu_0679.png,
image_telugu_0680.png,
image_telugu_0681.png,
image_telugu_0682.png,
image_telugu_0683.png,
image_telugu_0684.png,
image_telugu_0685.png,
image_telugu_0686.png,
image_telugu_0687.png,
image_telugu_0688.png,
image_telugu_0689.png,
image_telugu_0690.png,
image_telugu_0691.png,
image_telugu_0692.png,
image_telugu_0693.png,
image_telugu_0694.png,
image_telugu_0695.png,
image_telugu_0696.png,
image_telugu_0697.png,
image_telugu_0698.png,
image_telugu_0699.png,
image_telugu_0700.png,
image_telugu_0701.png,
image_telugu_0702.png,
image_telugu_0703.png,
image_telugu_0704.png,
image_telugu_0705.png,
image_telugu_0706.png,
image_telugu_0707.png,
image_telugu_0708.png,
image_telugu_0709.png,
image_telugu_0710.png,
image_telugu_0711.png,
image_telugu_0712.png,
image_telugu_0713.png,
image_telugu_0714.png,
image_telugu_0715.png,
image_telugu_0716.png,
image_telugu_0717.png,
image_telugu_0718.png,
image_telugu_0719.png,
image_telugu_0720.png,
image_telugu_0721.png,
image_telugu_0722.png,
image_telugu_0723.png,
image_telugu_0724.png,
image_telugu_0725.png,
image_telugu_0726.png,
image_telugu_0727.png,
image_telugu_0728.png,
image_telugu_0729.png,
image_telugu_0730.png,
image_telugu_0731.png,
image_telugu_0732.png,
image_telugu_0733.png,
image_telugu_0734.png,
image_telugu_0735.png,
image_telugu_0736.png,
image_telugu_0737.png,
image_telugu_0738.png,
image_telugu_0739.png,
image_telugu_0740.png,
image_telugu_0741.png,
image_telugu_0742.png,
image_telugu_0743.png,
image_telugu_0744.png,
image_telugu_0745.png,
image_telugu_0746.png,
image_telugu_0747.png,
image_telugu_0748.png,
image_telugu_0749.png,
image_telugu_0750.png,
image_telugu_0751.png,
image_telugu_0752.png,
image_telugu_0753.png,
image_telugu_0754.png,
image_telugu_0755.png,
image_telugu_0756.png,
image_telugu_0757.png,
image_telugu_0758.png,
image_telugu_0759.png,
image_telugu_0760.png,
image_telugu_0761.png,
image_telugu_0762.png,
image_telugu_0763.png,
image_telugu_0764.png,
image_telugu_0765.png,
image_telugu_0766.png,
image_telugu_0767.png,
image_telugu_0768.png,
image_telugu_0769.png,
image_telugu_0770.png,
image_telugu_0771.png,
image_telugu_0772.png,
image_telugu_0773.png,
image_telugu_0774.png,
image_telugu_0775.png,
image_telugu_0776.png,
image_telugu_0777.png,
image_telugu_0778.png,
image_telugu_0779.png,
image_telugu_0780.png,
image_telugu_0781.png,
image_telugu_0782.png,
image_telugu_0783.png,
image_telugu_0784.png,
image_telugu_0785.png,
image_telugu_0786.png,
image_telugu_0787.png,
image_telugu_0788.png,
image_telugu_0789.png,
image_telugu_0790.png,
image_telugu_0791.png,
image_telugu_0792.png,
image_telugu_0793.png,
image_telugu_0794.png,
image_telugu_0795.png,
image_telugu_0796.png,
image_telugu_0797.png,
image_telugu_0798.png,
image_telugu_0799.png,
image_telugu_0800.png,
image_telugu_0801.png,
image_telugu_0802.png,
image_telugu_0803.png,
image_telugu_0804.png,
image_telugu_0805.png,
image_telugu_0806.png,
image_telugu_0807.png,
image_telugu_0808.png,
image_telugu_0809.png,
image_telugu_0810.png,
image_telugu_0811.png,
image_telugu_0812.png,
image_telugu_0813.png,
image_telugu_0814.png,
image_telugu_0815.png,
image_telugu_0816.png,
image_telugu_0817.png,
image_telugu_0818.png,
image_telugu_0819.png,
image_telugu_0820.png,
image_telugu_0821.png,
image_telugu_0822.png,
image_telugu_0823.png,
image_telugu_0824.png,
image_telugu_0825.png,
image_telugu_0826.png,
image_telugu_0827.png,
image_telugu_0828.png,
image_telugu_0829.png,
image_telugu_0830.png,
image_telugu_0831.png,
image_telugu_0832.png,
image_telugu_0833.png,
image_telugu_0834.png,
image_telugu_0835.png,
image_telugu_0836.png,
image_telugu_0837.png,
image_telugu_0838.png,
image_telugu_0839.png,
image_telugu_0840.png,
image_telugu_0841.png,
image_telugu_0842.png,
image_telugu_0843.png,
image_telugu_0844.png,
image_telugu_0845.png,
image_telugu_0846.png,
image_telugu_0847.png,
image_telugu_0848.png,
image_telugu_0849.png,
image_telugu_0850.png,
image_telugu_0851.png,
image_telugu_0852.png,
image_telugu_0853.png,
image_telugu_0854.png,
image_telugu_0855.png,
image_telugu_0856.png,
image_telugu_0857.png,
image_telugu_0858.png,
image_telugu_0859.png,
image_telugu_0860.png,
image_telugu_0861.png,
image_telugu_0862.png,
image_telugu_0863.png,
image_telugu_0864.png,
image_telugu_0865.png,
image_telugu_0866.png,
image_telugu_0867.png,
image_telugu_0868.png,
image_telugu_0869.png,
image_telugu_0870.png,
image_telugu_0871.png,
image_telugu_0872.png,
image_telugu_0873.png,
image_telugu_0874.png,
image_telugu_0875.png,
image_telugu_0876.png,
image_telugu_0877.png,
image_telugu_0878.png,
image_telugu_0879.png,
image_telugu_0880.png,
image_telugu_0881.png,
image_telugu_0882.png,
image_telugu_0883.png,
image_telugu_0884.png,
image_telugu_0885.png,
image_telugu_0886.png,
image_telugu_0887.png,
image_telugu_0888.png,
image_telugu_0889.png,
image_telugu_0890.png,
image_telugu_0891.png,
image_telugu_0892.png,
image_telugu_0893.png,
image_telugu_0894.png,
image_telugu_0895.png,
image_telugu_0896.png,
image_telugu_0897.png,
image_telugu_0898.png,
image_telugu_0899.png,
image_telugu_0900.png,
image_telugu_0901.png,
image_telugu_0902.png,
image_telugu_0903.png,
image_telugu_0904.png,
image_telugu_0905.png,
image_telugu_0906.png,
image_telugu_0907.png,
image_telugu_0908.png,
image_telugu_0909.png,
image_telugu_0910.png,
image_telugu_0911.png,
image_telugu_0912.png,
image_telugu_0913.png,
image_telugu_0914.png,
image_telugu_0915.png,
image_telugu_0916.png,
image_telugu_0917.png,
image_telugu_0918.png,
image_telugu_0919.png,
image_telugu_0920.png,
image_telugu_0921.png,
image_telugu_0922.png,
image_telugu_0923.png,
image_telugu_0924.png,
image_telugu_0925.png,
image_telugu_0926.png,
image_telugu_0927.png,
image_telugu_0928.png,
image_telugu_0929.png,
image_telugu_0930.png,
image_telugu_0931.png,
image_telugu_0932.png,
image_telugu_0933.png,
image_telugu_0934.png,
image_telugu_0935.png,
image_telugu_0936.png,
image_telugu_0937.png,
image_telugu_0938.png,
image_telugu_0939.png,
image_telugu_0940.png,
image_telugu_0941.png,
image_telugu_0942.png,
image_telugu_0943.png,
image_telugu_0944.png,
image_telugu_0945.png,
image_telugu_0946.png,
image_telugu_0947.png,
image_telugu_0948.png,
image_telugu_0949.png,
image_telugu_0950.png,
image_telugu_0951.png,
image_telugu_0952.png,
image_telugu_0953.png,
image_telugu_0954.png,
image_telugu_0955.png,
image_telugu_0956.png,
image_telugu_0957.png,
image_telugu_0958.png,
image_telugu_0959.png,
image_telugu_0960.png,
image_telugu_0961.png,
image_telugu_0962.png,
image_telugu_0963.png,
image_telugu_0964.png,
image_telugu_0965.png,
image_telugu_0966.png,
image_telugu_0967.png,
image_telugu_0968.png,
image_telugu_0969.png,
image_telugu_0970.png,
image_telugu_0971.png,
image_telugu_0972.png,
image_telugu_0973.png,
image_telugu_0974.png,
image_telugu_0975.png,
image_telugu_0976.png,
image_telugu_0977.png,
image_telugu_0978.png,
image_telugu_0979.png,
image_telugu_0980.png,
image_telugu_0981.png,
image_telugu_0982.png,
image_telugu_0983.png,
image_telugu_0984.png,
image_telugu_0985.png,
image_telugu_0986.png,
image_telugu_0987.png,
image_telugu_0988.png,
image_telugu_0989.png,
image_telugu_0990.png,
image_telugu_0991.png,
image_telugu_0992.png,
image_telugu_0993.png,
image_telugu_0994.png,
image_telugu_0995.png,
image_telugu_0996.png,
image_telugu_0997.png,
image_telugu_0998.png,
image_telugu_0999.png,
image_telugu_1000.png,
